"start";"end";"today";"username";"deviceid";"intervencion_id";"Tipo_carta";"id_operador";"ID_Carta";"Agencias_rda";"geo_ref_RDA";"_geo_ref_RDA_latitude";"_geo_ref_RDA_longitude";"_geo_ref_RDA_altitude";"_geo_ref_RDA_precision";"Punto_1";"Punto_4";"Punto_7";"__version__";"cartas_asociadas";"seguimiento_rda";"Enc_reactiva_1";"Enc_reactiva_1a";"Enc_reactiva_2";"Enc_reactiva_3";"Enc_reactiva_4";"Enc_reactiva_5";"Enc_reactiva_6";"op_frio_1";"Punto_2";"Punto_3";"Punto_5";"Punto_6";"_index"
"2024-08-08T13:57:07.821-03:00";"2024-08-08T13:59:47.798-03:00";"2024-08-08";"labalo";"collect:iUpiKxTXmsRWkN3u";"39ed8311";"1";"101";"1105589";"1";"";"";"";"";"";"1";"2";"1";"";"";"";"tucuman";"686";"montserrat";"1";"1";"";"";"2";"1";"2";"2";"2";"1"
"2024-08-08T13:59:55.236-03:00";"2024-08-08T14:07:23.698-03:00";"2024-08-08";"getchebehere";"collect:j12UvRTHA7s2D74i";"77af8fe3";"1";"173";"1105685";"1";"";"";"";"";"";"5";"2";"1";"";"";"";"combate_de_los_pozos";"2133";"san_cristobal";"3";"1";"";"";"2";"1";"2";"2";"2";"2"
"2024-08-08T14:02:38.613-03:00";"2024-08-08T14:10:17.576-03:00";"2024-08-08";"dsalazar";"collect:zlst1IxMGpUv8iis";"016cf6e2";"1";"256";"1105758";"1";"";"";"";"";"";"";"";"";"";"";"";"puan";"0";"caballito";"6";"3";"1";"1";"El punto de referencia en una zona muy transitada durante el día. 
Se consulta en un local y empleado refiere que el grupo de personas suele permanecer en el lugar durante la noche.";"";"";"";"";"";"";"";"";"";"";"";"";"";"";"";"";"";"3"
"2024-08-08T14:09:37.519-03:00";"2024-08-08T14:12:40.768-03:00";"2024-08-08";"labalo";"collect:iUpiKxTXmsRWkN3u";"c8597c66";"1";"101";"1105778";"1";"-34.5930812 -58.379879 37.599998474121094 4.825";"-34.5930812";"-58.379879";"37.599998474121094";"4.825";"4";"2";"3";"";"";"";"suipacha";"0";"recoleta";"1";"2";"";"";"2";"1";"2";"2";"2";"4"
"2024-08-08T14:04:15.467-03:00";"2024-08-08T14:21:13.517-03:00";"2024-08-08";"mbenitez";"collect:WXGrpocOojXhiCAS";"c7612144";"1";"133";"1105569";"1";"";"";"";"";"";"";"";"";"";"";"";"pena";"2267";"";"2";"3";"2";"1";"";"";"";"";"";"5"
"2024-08-08T14:21:18.793-03:00";"2024-08-08T14:23:12.013-03:00";"2024-08-08";"mbenitez";"collect:WXGrpocOojXhiCAS";"6493b933";"1";"133";"1105569";"1";"";"";"";"";"";"7";"2";"3";"";"";"";"pueyrredon_av";"1340";"";"2";"2";"";"";"2";"1";"2";"2";"2";"6"
"2024-08-08T14:25:03.817-03:00";"2024-08-08T14:27:09.070-03:00";"2024-08-08";"labalo";"collect:iUpiKxTXmsRWkN3u";"547a1602";"1";"101";"1105811";"1";"";"";"";"";"";"1";"2";"1";"";"";"";"saenz_pena_luis_pres";"769";"san_cristobal";"1";"1";"";"";"2";"1";"2";"2";"2";"7"
"2024-08-08T14:23:22.720-03:00";"2024-08-08T14:29:54.383-03:00";"2024-08-08";"mbenitez";"collect:WXGrpocOojXhiCAS";"a2c69e8d";"1";"133";"1105603";"1";"";"";"";"";"";"";"";"";"";"";"";"cordoba_av";"2657";"";"2";"3";"2";"1";"";"";"";"";"";"8"
"2024-08-08T14:32:24.381-03:00";"2024-08-08T14:35:28.054-03:00";"2024-08-08";"labalo";"collect:iUpiKxTXmsRWkN3u";"8c3ff01d";"1";"101";"1105866";"1";"";"";"";"";"";"";"";"";"";"";"";"juncal";"602";"retiro";"1";"3";"2";"2";"";"";"";"";"";"9"
"2024-08-08T14:29:27.558-03:00";"2024-08-08T14:39:23.105-03:00";"2024-08-08";"getchebehere";"collect:j12UvRTHA7s2D74i";"afce7a40";"1";"173";"1105692";"1";"";"";"";"";"";"6";"2";"2";"";"";"";"quinquela_martin_benito";"0";"barracas";"4";"1";"";"";"2";"2";"1";"2";"2";"10"
"2024-08-08T14:48:24.092-03:00";"2024-08-08T14:50:22.741-03:00";"2024-08-08";"vpaez";"collect:jTOe7f4kwzjaGufZ";"dab335b1";"1";"133";"1105403";"1";"";"";"";"";"";"";"";"";"";"";"";"santa_fe_av";"0";"palermo";"14";"3";"2";"2";"";"";"";"";"";"11"
"2024-08-08T14:53:30.650-03:00";"2024-08-08T14:54:27.104-03:00";"2024-08-08";"labalo";"collect:iUpiKxTXmsRWkN3u";"d4505b21";"1";"101";"1105460";"1";"";"";"";"";"";"";"";"";"";"";"";"lavalle";"870";"san_nicolas";"1";"3";"2";"2";"";"";"";"";"";"12"
"2024-08-08T14:43:44.273-03:00";"2024-08-08T14:54:49.743-03:00";"2024-08-08";"dsalazar";"collect:zlst1IxMGpUv8iis";"621fadbd";"1";"256";"1105890";"1";"";"";"";"";"";"9";"2";"1";"La persona no responde de manera coherente a las preguntas realizadas por el equipo. 
No se la observa agresiva. Se la observa abrigada de acuerdo el clima y con higiene, teniendo en cuenta su situación.";"";"";"";"";"";"";"";"";"";"";"";"";"";"";"";"";"";"13"
"2024-08-08T14:52:13.428-03:00";"2024-08-08T14:54:52.963-03:00";"2024-08-08";"bjordan";"collect:Kq8RDKFnBtyQG7Nd";"3d538f44";"1";"194";"1105859";"1";"";"";"";"";"";"1";"2";"2";"";"";"";"la_pampa";"1500";"belgrano";"13";"1";"";"";"2";"1";"1";"2";"2";"14"
"2024-08-08T14:55:31.004-03:00";"2024-08-08T14:56:26.110-03:00";"2024-08-08";"bjordan";"collect:Kq8RDKFnBtyQG7Nd";"1a9e6a68";"1";"194";"1105777";"1";"";"";"";"";"";"";"";"";"";"";"";"figueroa_alcorta_pres_av";"6500";"";"99";"3";"2";"2";"";"";"";"";"";"15"
"2024-08-08T15:20:00.363-03:00";"2024-08-08T15:20:48.337-03:00";"2024-08-08";"bjordan";"collect:Kq8RDKFnBtyQG7Nd";"0e24f248";"1";"194";"1105934";"1";"";"";"";"";"";"";"";"";"";"";"";"moldes";"0";"";"99";"3";"2";"2";"";"";"";"";"";"16"
"2024-08-08T15:26:53.660-03:00";"2024-08-08T15:28:12.614-03:00";"2024-08-08";"labalo";"collect:iUpiKxTXmsRWkN3u";"054d49f7";"1";"101";"1105915";"1";"-34.5860805 -58.4040665 31.5 4.714";"-34.5860805";"-58.4040665";"31.5";"4.714";"";"";"";"";"";"";"sanchez_de_bustamante";"2388";"recoleta";"1";"3";"2";"2";"";"";"";"";"";"17"
"2024-08-08T15:29:47.183-03:00";"2024-08-08T15:34:17.572-03:00";"2024-08-08";"laparicio";"collect:LIrbEA8kk24qA8f2";"d14e1665";"1";"113";"1105689";"1";"";"";"";"";"";"";"";"";"";"";"";"cordoba_av";"0";"balvanera";"3";"3";"2";"2";"";"";"";"";"";"18"
"2024-08-08T15:35:43.671-03:00";"2024-08-08T15:37:01.012-03:00";"2024-08-08";"laparicio";"collect:LIrbEA8kk24qA8f2";"cc3cb512";"1";"113";"1105700";"1";"";"";"";"";"";"";"";"";"";"";"";"brasil_av";"0";"constitucion";"1";"3";"2";"2";"";"";"";"";"";"19"
"2024-08-08T15:21:32.073-03:00";"2024-08-08T15:36:59.438-03:00";"2024-08-08";"getchebehere";"collect:j12UvRTHA7s2D74i";"e0784dc9";"1";"173";"1105698";"1";"";"";"";"";"";"12";"2";"5";"";"";"";"hornos_gral";"580";"barracas";"4";"1";"";"";"2";"2";"1";"2";"2";"20"
"2024-08-08T15:37:44.750-03:00";"2024-08-08T15:38:47.663-03:00";"2024-08-08";"mbenitez";"collect:WXGrpocOojXhiCAS";"b17b4fb2";"1";"133";"1105905";"1";"";"";"";"";"";"";"";"";"";"";"";"garcia_teodoro";"0";"";"14";"3";"2";"2";"";"";"";"";"";"21"
"2024-08-08T15:36:37.210-03:00";"2024-08-08T15:37:39.070-03:00";"2024-08-08";"mbenitez";"collect:WXGrpocOojXhiCAS";"53853546";"1";"133";"1105802";"1";"";"";"";"";"";"";"";"";"";"";"";"diaz_cnel_av";"2288";"";"2";"3";"2";"2";"";"";"";"";"";"22"
"2024-08-08T15:39:30.048-03:00";"2024-08-08T15:41:00.978-03:00";"2024-08-08";"mbenitez";"collect:WXGrpocOojXhiCAS";"a1ccd218";"1";"133";"1105931";"1";"";"";"";"";"";"1";"2";"1";"";"";"";"diaz_cnel_av";"0";"";"14";"1";"";"";"2";"1";"1";"2";"2";"23"
"2024-08-08T15:47:08.649-03:00";"2024-08-08T15:48:33.454-03:00";"2024-08-08";"laparicio";"collect:LIrbEA8kk24qA8f2";"def0b109";"1";"113";"1105683";"1";"";"";"";"";"";"";"";"";"";"";"";"brasil_av";"1334";"constitucion";"1";"3";"2";"2";"";"";"";"";"";"24"
"2024-08-08T15:43:35.647-03:00";"2024-08-08T15:48:39.239-03:00";"2024-08-08";"dsalazar";"collect:zlst1IxMGpUv8iis";"7662d27a";"1";"256";"1105922";"1";"";"";"";"";"";"1";"2";"2";"";"";"";"metan";"0";"boedo";"5";"1";"";"";"2";"1";"1";"2";"1";"25"
"2024-08-08T15:48:54.984-03:00";"2024-08-08T15:50:05.841-03:00";"2024-08-08";"bjordan";"collect:Kq8RDKFnBtyQG7Nd";"917c3092";"1";"194";"1105969";"1";"";"";"";"";"";"";"";"";"";"";"";"freire_ramon_cap_gral";"1516";"";"99";"3";"1";"1";"";"";"";"";"";"26"
"2024-08-08T15:53:13.713-03:00";"2024-08-08T15:55:38.614-03:00";"2024-08-08";"labalo";"collect:iUpiKxTXmsRWkN3u";"de5729d3";"1";"101";"1105960";"1";"";"";"";"";"";"1";"2";"3";"";"";"";"quintana_manuel_pres";"0";"recoleta";"1";"1";"";"";"2";"2";"2";"2";"2";"27"
"2024-08-08T16:03:01.144-03:00";"2024-08-08T16:04:04.839-03:00";"2024-08-08";"mbenitez";"collect:WXGrpocOojXhiCAS";"8ad0c770";"1";"133";"1105768";"1";"";"";"";"";"";"";"";"";"";"";"";"charcas";"4600";"";"14";"3";"2";"2";"";"";"";"";"";"28"
"2024-08-08T16:06:23.874-03:00";"2024-08-08T16:07:58.475-03:00";"2024-08-08";"laparicio";"collect:LIrbEA8kk24qA8f2";"9e6df646";"1";"113";"1105829";"1";"-34.6240547 -58.3859355 41.89999771118164 4.842";"-34.6240547";"-58.3859355";"41.89999771118164";"4.842";"";"";"";"";"";"";"san_jose";"0";"constitucion";"1";"3";"2";"2";"";"";"";"";"";"29"
"2024-08-08T16:02:14.588-03:00";"2024-08-08T16:10:38.669-03:00";"2024-08-08";"getchebehere";"collect:j12UvRTHA7s2D74i";"d6d9797b";"1";"173";"1105780";"1";"";"";"";"";"";"5";"2";"1";"";"";"";"finochietto_enrique_dr";"849";"barracas";"4";"1";"";"";"2";"1";"2";"2";"2";"30"
"2024-08-08T16:05:12.038-03:00";"2024-08-08T16:11:45.451-03:00";"2024-08-08";"dsalazar";"collect:zlst1IxMGpUv8iis";"109067ba";"1";"256";"1105852";"1";"";"";"";"";"";"1";"2";"1";"";"";"";"agrelo";"0";"boedo";"5";"1";"";"";"2";"1";"1";"2";"1";"31"
"2024-08-08T16:17:13.238-03:00";"2024-08-08T16:18:18.721-03:00";"2024-08-08";"labalo";"collect:iUpiKxTXmsRWkN3u";"11053370";"1";"101";"1105940";"1";"-34.6008095 -58.3767541 34.19999694824219 3.85";"-34.6008095";"-58.3767541";"34.19999694824219";"3.85";"";"";"";"";"";"";"maipu";"629";"san_nicolas";"1";"3";"2";"2";"";"";"";"";"";"32"
"2024-08-08T16:19:13.863-03:00";"2024-08-08T16:24:29.212-03:00";"2024-08-08";"csalvador";"collect:xYfZLEUg9mW2JjM4";"a538f80b";"1";"257";"1105346";"1";"";"";"";"";"";"";"";"";"";"";"";"pino_virrey_del";"2540";"belgrano";"13";"3";"2";"1";"Virrey del Pino 2540 siendo las 14:05 el equipo arriba al punto indicado, la dirección corresponde a un edificio, no se contacta a personas en situación vulnerable ni tampoco se observan pertenencias. 
Una vecina refiere que por las noches un hombre duerme allí por las noches.";"";"";"";"";"";"";"";"";"";"";"";"";"";"";"";"";"";"33"
"2024-08-08T16:25:49.744-03:00";"2024-08-08T16:27:07.791-03:00";"2024-08-08";"csalvador";"collect:xYfZLEUg9mW2JjM4";"0213544d";"1";"257";"1105759";"1";"";"";"";"";"";"";"";"";"";"";"";"ciudad_de_la_paz";"0";"belgrano";"13";"3";"2";"1";"José Hernández y Ciudad de la paz siendo la 14:20, se arriba al punto en dónde no se contactan personas ni tampoco se observan pertenencias.
Una vecina se acerca al equipo y refiere que hay muchas personas en situación de calle pero que generalmente se los puede contactar a la noche, durante el día difícilmente se encuentran ya que es una zona muy transitada se deja a disposición la línea del 108.";"";"";"";"";"";"";"";"";"";"";"";"";"";"";"";"";"";"34"
"2024-08-08T16:27:28.128-03:00";"2024-08-08T16:29:14.190-03:00";"2024-08-08";"csalvador";"collect:xYfZLEUg9mW2JjM4";"d2edc663";"1";"257";"1105783";"1";"";"";"";"";"";"";"";"";"";"";"";"alvarez_julian";"0";"villa_crespo";"15";"3";"2";"1";"Julián Álvarez y Velazco
Siendo la 14:55 el equipo arriba al punto indicado en dónde no se contactan personas en situación vulnerable ni tampoco se observan pertenencias. Se recorre la zona si éxito de contacto.
Un hombre que diariamente transita la zona refiere que hace uno días se encontraba una mujer con 2 menores de edad, pero desconoce el paradero de la mujer y los niños, refiere que estuvieron varios días en el punto, pero ya no los vio. Se deja a disposición la línea del 108 en caso de que vuelvan por la zona.";"";"";"";"";"";"";"";"";"";"";"";"";"";"";"";"";"";"35"
"2024-08-08T16:29:29.416-03:00";"2024-08-08T16:30:52.340-03:00";"2024-08-08";"csalvador";"collect:xYfZLEUg9mW2JjM4";"fcf98722";"1";"257";"1105963";"1";"";"";"";"";"";"";"";"";"";"";"";"beiro_francisco_av";"2211";"agronomia";"15";"3";"2";"2";"Beiro 2211 siendo las 15:40 
El equipo arriba al punto indicado en dónde no se contactan personas en situación vulnerable ni tampoco se observan pertenencias.";"";"";"";"";"";"";"";"";"";"";"";"";"";"";"";"";"";"36"
"2024-08-08T16:31:02.477-03:00";"2024-08-08T16:32:02.716-03:00";"2024-08-08";"csalvador";"collect:xYfZLEUg9mW2JjM4";"59a01f18";"1";"257";"1105999";"1";"";"";"";"";"";"";"";"";"";"";"";"holmberg";"1800";"saavedra";"12";"Beiro 2211 siendo las 15:40 
El equipo arriba al punto indicado en dónde no se contactan personas en situación vulnerable ni tampoco se observan pertenencias.";"3";"2";"2";"Beiro 2211 siendo las 15:40 
El equipo arriba al punto indicado en dónde no se contactan personas en situación vulnerable ni tampoco se observan pertenencias.";"";"";"";"";"";"";"";"";"";"";"";"";"";"";"";"";"";"37"
"2024-08-08T16:31:11.773-03:00";"2024-08-08T16:32:13.525-03:00";"2024-08-08";"mbenitez";"collect:WXGrpocOojXhiCAS";"7c01fe4c";"1";"133";"1105559";"1";"";"";"";"";"";"";"";"";"";"";"";"salguero_jeronimo";"1940";"";"14";"3";"2";"2";"";"";"";"";"";"38"
"2024-08-08T16:31:09.532-03:00";"2024-08-08T16:34:51.322-03:00";"2024-08-08";"getchebehere";"collect:j12UvRTHA7s2D74i";"90543f56";"1";"173";"1105975";"1";"";"";"";"";"";"1";"2";"1";"";"";"";"peru";"900";"san_telmo";"1";"1";"";"";"2";"1";"2";"2";"2";"39"
"2024-08-08T16:37:03.374-03:00";"2024-08-08T16:39:11.541-03:00";"2024-08-08";"labalo";"collect:iUpiKxTXmsRWkN3u";"970dd580";"1";"101";"1106018";"1";"";"";"";"";"";"1";"2";"3";"";"";"";"cordoba_av";"0";"montserrat";"1";"1";"";"";"2";"2";"2";"2";"2";"40"
"2024-08-08T16:39:29.890-03:00";"2024-08-08T16:42:01.157-03:00";"2024-08-08";"dsalazar";"collect:zlst1IxMGpUv8iis";"0df45503";"1";"256";"1105939";"1";"";"";"";"";"";"";"";"";"";"";"";"echague_pedro";"0";"barracas";"1";"3";"2";"2";"";"";"";"";"";"41"
"2024-08-08T16:35:52.675-03:00";"2024-08-08T16:43:13.948-03:00";"2024-08-08";"laparicio";"collect:LIrbEA8kk24qA8f2";"ab6823be";"1";"113";"1105873";"1";"";"";"";"";"";"";"";"";"";"";"";"brasil";"1160";"constitucion";"1";"3";"2";"2";"";"";"";"";"";"42"
"2024-08-08T16:45:59.058-03:00";"2024-08-08T16:47:31.546-03:00";"2024-08-08";"labalo";"collect:iUpiKxTXmsRWkN3u";"9e7a27dc";"1";"101";"1105913";"1";"-34.5927069 -58.3927945 41.19999694824219 4.88";"-34.5927069";"-58.3927945";"41.19999694824219";"4.88";"";"";"";"";"";"";"pacheco_de_melo_jose_andres";"0";"san_nicolas";"1";"3";"2";"2";"";"";"";"";"";"43"
"2024-08-08T16:53:18.486-03:00";"2024-08-08T16:54:23.045-03:00";"2024-08-08";"mbenitez";"collect:WXGrpocOojXhiCAS";"e4275a47";"1";"133";"1105791";"1";"";"";"";"";"";"";"";"";"";"";"";"scalabrini_ortiz_raul";"2794";"";"14";"3";"2";"2";"";"";"";"";"";"44"
"2024-08-08T17:01:46.894-03:00";"2024-08-08T17:03:59.766-03:00";"2024-08-08";"laparicio";"collect:LIrbEA8kk24qA8f2";"10db7633";"1";"113";"1106019";"1";"";"";"";"";"";"";"";"";"";"";"";"belgrano_av";"599";"san_telmo";"1";"3";"2";"1";"";"";"";"";"";"45"
"2024-08-08T17:05:44.073-03:00";"2024-08-08T17:07:40.159-03:00";"2024-08-08";"labalo";"collect:iUpiKxTXmsRWkN3u";"5ded1155";"1";"101";"1105984";"1";"";"";"";"";"";"1";"2";"1";"";"";"";"figueroa_alcorta_pres_av";"0";"recoleta";"2";"1";"";"";"2";"2";"2";"2";"2";"46"
"2024-08-08T17:07:24.731-03:00";"2024-08-08T17:14:18.578-03:00";"2024-08-08";"getchebehere";"collect:j12UvRTHA7s2D74i";"734c843b";"1";"173";"1105903";"1";"";"";"";"";"";"1";"2";"1";"";"";"";"finochietto_enrique_dr";"0";"barracas";"4";"1";"";"";"2";"1";"2";"2";"2";"47"
"2024-08-08T14:47:05.110-03:00";"2024-08-08T14:48:14.953-03:00";"2024-08-08";"aanquieri";"collect:LzalQ0ls7cdzAe8E";"8a8b5148";"1";"109";"1105803";"3";"";"";"";"";"";"";"";"";"";"";"";"rivadavia_av";"8400";"";"10";"3";"2";"2";"";"";"";"";"";"48"
"2024-08-08T17:14:46.629-03:00";"2024-08-08T17:15:58.709-03:00";"2024-08-08";"dsalazar";"collect:zlst1IxMGpUv8iis";"90388ba8";"1";"256";"1105904";"1";"";"";"";"";"";"";"";"";"";"";"";"humberto_1°";"0";"constitucion";"1";"3";"1";"1";"";"";"";"";"";"49"
"2024-08-08T17:17:39.159-03:00";"2024-08-08T17:21:51.013-03:00";"2024-08-08";"getchebehere";"collect:j12UvRTHA7s2D74i";"82d54c31";"1";"173";"1105886";"1";"";"";"";"";"";"1";"2";"2";"";"";"";"luzuriaga";"254";"san_cristobal";"3";"1";"";"";"2";"1";"1";"2";"2";"50"
"2024-08-08T17:14:54.584-03:00";"2024-08-08T17:22:35.969-03:00";"2024-08-08";"bjordan";"collect:Kq8RDKFnBtyQG7Nd";"7e2d30ca";"1";"194";"1105987";"1";"";"";"";"";"";"12";"2";"1";"";"";"";"cabildo_av";"3067";"belgrano";"13";"1";"";"";"2";"1";"2";"1";"2";"51"
"2024-08-08T17:20:05.107-03:00";"2024-08-08T17:23:47.110-03:00";"2024-08-08";"laparicio";"collect:LIrbEA8kk24qA8f2";"e505c72a";"1";"113";"1106024";"1";"";"";"";"";"";"1";"2";"1";"";"";"";"saenz_pena_luis_pres";"769";"constitucion";"1";"1";"";"";"2";"1";"1";"2";"2";"52"
"2024-08-08T17:23:47.425-03:00";"2024-08-08T17:25:32.423-03:00";"2024-08-08";"bjordan";"collect:Kq8RDKFnBtyQG7Nd";"d7b02817";"1";"194";"1105850";"1";"";"";"";"";"";"";"";"";"";"";"";"roosevelt_franklin_d";"2454";"";"99";"3";"2";"2";"";"";"";"";"";"53"
"2024-08-08T17:25:48.941-03:00";"2024-08-08T17:28:20.936-03:00";"2024-08-08";"bjordan";"collect:Kq8RDKFnBtyQG7Nd";"34da1188";"1";"194";"1105851";"1";"";"";"";"";"";"1";"2";"1";"";"";"";"sucre_antonio_jose_de_mcal";"0";"belgrano";"13";"2";"";"";"2";"1";"2";"2";"2";"54"
"2024-08-08T17:29:51.670-03:00";"2024-08-08T17:31:40.795-03:00";"2024-08-08";"dsalazar";"collect:zlst1IxMGpUv8iis";"c1d68e77";"1";"256";"1105856";"1";"";"";"";"";"";"";"";"";"";"";"";"santiago_del_estero";"1327";"constitucion";"1";"3";"2";"1";"";"";"";"";"";"55"
"2024-08-08T17:30:59.526-03:00";"2024-08-08T17:32:26.802-03:00";"2024-08-08";"labalo";"collect:iUpiKxTXmsRWkN3u";"9b4ec2d5";"1";"101";"1105949";"1";"";"";"";"";"";"1";"2";"1";"";"";"";"tucuman";"688";"san_nicolas";"1";"1";"";"";"2";"1";"2";"2";"2";"56"
"2024-08-08T17:35:17.781-03:00";"2024-08-08T17:37:19.098-03:00";"2024-08-08";"mbenitez";"collect:WXGrpocOojXhiCAS";"a896b9cb";"1";"133";"1105773";"1";"";"";"";"";"";"";"";"";"";"";"";"pena";"2267";"";"2";"3";"2";"2";"";"";"";"";"";"57"
"2024-08-08T17:44:20.484-03:00";"2024-08-08T17:47:29.155-03:00";"2024-08-08";"laparicio";"collect:LIrbEA8kk24qA8f2";"8d4b7339";"1";"113";"1106053";"1";"";"";"";"";"";"1";"2";"1";"";"";"";"sarandi";"446";"constitucion";"1";"1";"";"";"2";"1";"2";"2";"2";"58"
"2024-08-08T14:30:26.036-03:00";"2024-08-08T17:48:02.781-03:00";"2024-08-08";"rmeoniz";"collect:As46bOaSjhgq0UrC";"d233d278";"1";"215";"1105807";"3";"";"";"";"";"";"";"";"";"";"";"";"las_heras_general_av";"2195";"recoleta";"2";"1";"";"";"";"";"";"";"";"59"
"2024-08-08T14:35:21.844-03:00";"2024-08-08T14:51:09.108-03:00";"2024-08-08";"rmeoniz";"collect:As46bOaSjhgq0UrC";"add789d0";"1";"215";"1105845";"3";"";"";"";"";"";"";"";"";"";"";"";"montes_de_oca_manuel_av";"1601";"barracas";"4";"3";"2";"2";"";"";"";"";"";"60"
"2024-08-08T15:02:57.242-03:00";"2024-08-08T16:02:34.966-03:00";"2024-08-08";"rmeoniz";"collect:As46bOaSjhgq0UrC";"cd2655d9";"1";"215";"425777";"3";"";"";"";"";"";"";"";"";"";"";"";"ayacucho";"0";"recoleta";"4";"1";"";"";"";"";"";"";"";"61"
"2024-08-08T18:27:08.199-03:00";"2024-08-08T18:31:17.507-03:00";"2024-08-08";"";"collect:LzalQ0ls7cdzAe8E";"061864c0";"1";"243";"1106030";"3";"";"";"";"";"";"";"";"";"";"";"";"florida";"601";"retiro";"1";"3";"2";"2";"";"";"";"";"";"62"
"2024-08-08T19:28:07.683-03:00";"2024-08-08T19:33:00.901-03:00";"2024-08-08";"abejarano";"collect:tdRoY3cFiqR6AWAG";"45576240";"1";"131";"1105280";"1";"-34.6088412 -58.4290935 35.39999771118164 4.933";"-34.6088412";"-58.4290935";"35.39999771118164";"4.933";"";"";"";"";"";"";"diaz_velez_av";"0";"caballito";"5";"3";"2";"2";"";"";"";"";"";"63"
"2024-08-08T20:06:37.647-03:00";"2024-08-08T20:18:18.162-03:00";"2024-08-08";"dlucero";"collect:LzalQ0ls7cdzAe8E";"90979a0a";"4";"204";"";"";"";"";"";"";"";"";"";"";"";"";"";"";"";"";"";"";"";"";"";"";"";"";"";"64"
"2024-08-08T20:08:31.882-03:00";"2024-08-08T20:25:03.226-03:00";"2024-08-08";"gdiaz";"collect:LIrbEA8kk24qA8f2";"69945dff";"1";"171";"1106072";"1";"-34.5851297 -58.414063 32.39999771118164 12.027";"-34.5851297";"-58.414063";"32.39999771118164";"12.027";"1";"2";"1";"";"";"";"arenales";"0";"palermo";"14";"1";"";"";"1";"1";"1";"2";"2";"65"
"2024-08-08T20:18:36.132-03:00";"2024-08-08T20:28:14.367-03:00";"2024-08-08";"abejarano";"collect:tdRoY3cFiqR6AWAG";"1515f13d";"1";"131";"1106142";"1";"";"";"";"";"";"1";"2";"2";"";"";"";"gibson";"0";"boedo";"5";"1";"";"";"1";"1";"2";"2";"2";"66"
"2024-08-08T20:35:57.221-03:00";"2024-08-08T20:46:20.723-03:00";"2024-08-08";"dlucero";"collect:LzalQ0ls7cdzAe8E";"4ca80b15";"4";"204";"";"";"";"";"";"";"";"";"";"";"";"";"";"";"";"";"";"";"";"";"";"";"";"";"";"67"
"2024-08-08T20:44:25.503-03:00";"2024-08-08T20:48:39.599-03:00";"2024-08-08";"gdiaz";"collect:LIrbEA8kk24qA8f2";"bad8dafc";"1";"171";"1106192";"1";"-34.5802573 -58.4252511 27.5 6.08";"-34.5802573";"-58.4252511";"27.5";"6.08";"1";"2";"1";"";"";"";"guemes";"0";"palermo";"14";"1";"";"";"1";"1";"1";"1";"2";"68"
"2024-08-08T21:09:59.027-03:00";"2024-08-08T21:15:54.069-03:00";"2024-08-08";"abejarano";"collect:tdRoY3cFiqR6AWAG";"0a51ca9f";"1";"131";"1106187";"1";"";"";"";"";"";"1";"2";"2";"";"";"";"belgrano_av";"0";"almagro";"5";"1";"";"";"1";"1";"2";"2";"2";"69"
"2024-08-08T21:34:04.161-03:00";"2024-08-08T21:37:20.479-03:00";"2024-08-08";"fcarrascosa";"collect:WXGrpocOojXhiCAS";"a0386fc2";"1";"153";"1106062";"1";"";"";"";"";"";"";"";"";"";"";"";"beruti";"3400";"palermo";"14";"3";"2";"2";"";"";"";"";"";"70"
"2024-08-08T20:59:09.051-03:00";"2024-08-08T21:38:43.002-03:00";"2024-08-08";"gdiaz";"collect:LIrbEA8kk24qA8f2";"a9be516c";"1";"171";"1106211";"1";"-34.5795615 -58.4329111 28.399999618530273 10.785";"-34.5795615";"-58.4329111";"28.399999618530273";"10.785";"1";"2";"6";"";"";"";"bonpland";"2189";"palermo";"14";"1";"";"";"1";"1";"1";"2";"2";"71"
"2024-08-08T21:35:00.956-03:00";"2024-08-08T21:42:22.824-03:00";"2024-08-08";"abejarano";"collect:tdRoY3cFiqR6AWAG";"aa279c99";"1";"131";"1106238";"1";"";"";"";"";"";"1";"2";"2";"";"";"";"rivadavia_av";"4704";"caballito";"6";"1";"";"";"1";"1";"2";"2";"2";"72"
"2024-08-08T22:05:49.029-03:00";"2024-08-08T22:09:32.664-03:00";"2024-08-08";"abejarano";"collect:tdRoY3cFiqR6AWAG";"71e27728";"1";"131";"1106281";"1";"";"";"";"";"";"9";"2";"3";"";"";"";"boedo_av";"874";"boedo";"5";"2";"";"";"1";"1";"2";"2";"2";"73"
"2024-08-08T21:38:21.276-03:00";"2024-08-08T22:19:10.967-03:00";"2024-08-08";"fcarrascosa";"collect:WXGrpocOojXhiCAS";"4164ed9b";"1";"153";"1106056";"1";"";"";"";"";"";"1";"2";"1";"";"";"";"scalabrini_ortiz_raul_av";"2974";"palermo";"14";"1";"";"";"1";"1";"2";"2";"2";"74"
"2024-08-08T22:22:25.477-03:00";"2024-08-08T22:26:12.156-03:00";"2024-08-08";"fcarrascosa";"collect:WXGrpocOojXhiCAS";"b9625447";"1";"153";"1106167";"1";"";"";"";"";"";"9";"2";"1";"";"";"";"diaz_cnel_av";"0";"palermo";"14";"1";"";"";"1";"1";"2";"2";"2";"75"
"2024-08-08T22:05:17.185-03:00";"2024-08-08T22:26:41.647-03:00";"2024-08-08";"gdiaz";"collect:LIrbEA8kk24qA8f2";"1de6a445";"1";"171";"1106198";"1";"-34.57693 -58.4300829 26.80000114440918 5.166";"-34.57693";"-58.4300829";"26.80000114440918";"5.166";"9";"2";"2";"";"";"";"bonpland";"0";"palermo";"14";"1";"";"";"1";"1";"1";"2";"2";"76"
"2024-08-08T22:30:26.294-03:00";"2024-08-08T22:32:21.731-03:00";"2024-08-08";"fcarrascosa";"collect:WXGrpocOojXhiCAS";"2883c17d";"1";"153";"1106183";"1";"";"";"";"";"";"";"";"";"";"";"";"charcas";"2600";"palermo";"14";"3";"1";"1";"";"";"";"";"";"77"
"2024-08-08T22:18:02.208-03:00";"2024-08-08T22:28:27.754-03:00";"2024-08-08";"dlucero";"collect:LzalQ0ls7cdzAe8E";"ea79c91f";"1";"204";"1106185";"3";"";"";"";"";"";"";"";"";"";"";"";"rivadavia_av";"4100";"caballito";"7";"3";"2";"2";"";"";"";"";"";"78"
"2024-08-08T22:28:34.566-03:00";"2024-08-08T22:31:27.725-03:00";"2024-08-08";"dlucero";"collect:LzalQ0ls7cdzAe8E";"74326ba1";"1";"204";"1106081";"3";"";"";"";"";"";"";"";"";"";"";"";"saenz_pena_luis_pres";"700";"montserrat";"1";"3";"2";"2";"";"";"";"";"";"79"
"2024-08-08T22:31:35.083-03:00";"2024-08-08T22:33:13.357-03:00";"2024-08-08";"dlucero";"collect:LzalQ0ls7cdzAe8E";"023734e3";"1";"204";"1105159";"3";"";"";"";"";"";"";"";"";"";"";"";"cochabamba";"0";"san_cristobal";"3";"3";"1";"2";"";"";"";"";"";"80"
"2024-08-08T22:33:21.381-03:00";"2024-08-08T22:35:29.885-03:00";"2024-08-08";"dlucero";"collect:LzalQ0ls7cdzAe8E";"7b07af5e";"1";"204";"1106261";"3";"";"";"";"";"";"";"";"";"";"";"";"jujuy_av";"340";"san_cristobal";"3";"3";"2";"2";"";"";"";"";"";"81"
"2024-08-08T22:36:34.330-03:00";"2024-08-08T22:43:11.365-03:00";"2024-08-08";"aanquieri";"collect:9x5iTmOcNr3jBYfz";"2c238a00";"1";"109";"1106080";"4";"";"";"";"";"";"1";"2";"4";"";"";"";"arenales";"970";"";"1";"2";"";"";"1";"1";"2";"2";"2";"82"
"2024-08-08T22:37:26.706-03:00";"2024-08-08T22:53:23.305-03:00";"2024-08-08";"gdiaz";"collect:LIrbEA8kk24qA8f2";"efbbb56c";"1";"171";"1106307";"1";"-34.5921931 -58.4141832 36.5 11.597";"-34.5921931";"-58.4141832";"36.5";"11.597";"12";"2";"1";"";"";"";"guise";"1739";"palermo";"14";"1";"";"";"1";"1";"1";"2";"2";"83"
"2024-08-08T23:06:11.977-03:00";"2024-08-08T23:07:48.471-03:00";"2024-08-08";"fcarrascosa";"collect:WXGrpocOojXhiCAS";"f62ef6e7";"1";"153";"1106253";"1";"";"";"";"";"";"";"";"";"";"";"";"scalabrini_ortiz_raul_av";"0";"palermo";"14";"3";"1";"2";"";"";"";"";"";"84"
"2024-08-08T19:24:47.897-03:00";"2024-08-08T23:24:17.157-03:00";"2024-08-08";"lbadilla";"collect:jTOe7f4kwzjaGufZ";"b22ec009";"1";"124";"1106055";"1";"";"";"";"";"";"";"";"";"";"";"";"montes_de_oca_manuel_av";"861";"barracas";"4";"3";"2";"1";"";"";"";"";"";"85"
"2024-08-08T19:53:03.359-03:00";"2024-08-08T23:24:41.604-03:00";"2024-08-08";"lbadilla";"collect:jTOe7f4kwzjaGufZ";"81ebbb16";"1";"124";"1106107";"1";"";"";"";"";"";"";"";"";"";"";"";"salta";"0";"constitucion";"1";"3";"2";"2";"";"";"";"";"";"86"
"2024-08-08T20:24:53.586-03:00";"2024-08-08T23:24:48.716-03:00";"2024-08-08";"lbadilla";"collect:jTOe7f4kwzjaGufZ";"a41c54f4";"1";"124";"1106137";"1";"";"";"";"";"";"1";"2";"4";"";"";"";"brasil_av";"0";"san_telmo";"1";"1";"";"";"1";"1";"2";"2";"2";"87"
"2024-08-08T20:56:16.117-03:00";"2024-08-08T23:24:57.810-03:00";"2024-08-08";"lbadilla";"collect:jTOe7f4kwzjaGufZ";"9cae65bd";"1";"124";"1106068";"1";"";"";"";"";"";"6";"1";"1";"";"";"";"piedras";"1260";"san_telmo";"1";"1";"";"";"1";"2";"2";"2";"2";"88"
"2024-08-08T21:49:45.260-03:00";"2024-08-08T23:25:06.047-03:00";"2024-08-08";"lbadilla";"collect:jTOe7f4kwzjaGufZ";"530c8053";"1";"124";"1106229";"1";"";"";"";"";"";"1";"2";"1";"";"";"";"paseo_colon_av";"0";"san_telmo";"1";"2";"";"";"1";"1";"2";"2";"2";"89"
"2024-08-08T22:56:39.117-03:00";"2024-08-08T23:25:13.537-03:00";"2024-08-08";"lbadilla";"collect:jTOe7f4kwzjaGufZ";"de867ae5";"1";"124";"1106263";"1";"";"";"";"";"";"12";"2";"1";"";"";"";"independencia_av";"824";"san_telmo";"1";"1";"";"";"1";"1";"2";"2";"2";"90"
"2024-08-08T23:05:17.562-03:00";"2024-08-08T23:26:10.823-03:00";"2024-08-08";"gdiaz";"collect:LIrbEA8kk24qA8f2";"9e56b4b0";"1";"171";"1106311";"1";"-34.6262081 -58.4042064 40.0 8.766";"-34.6262081";"-58.4042064";"40.0";"8.766";"6";"2";"4";"";"";"";"luca_esteban_de";"1300";"san_cristobal";"3";"1";"";"";"1";"1";"1";"1";"1";"91"
"2024-08-08T22:31:34.441-03:00";"2024-08-08T23:52:40.974-03:00";"2024-08-08";"fabbate";"collect:heD75iJIfDhUzWYA";"6d62f38f";"1";"102";"1106294";"1";"";"";"";"";"";"1";"2";"1";"";"";"";"mansilla_lucio_norberto_general";"0";"recoleta";"2";"1";"";"";"1";"1";"2";"2";"2";"92"
"2024-08-08T23:36:20.557-03:00";"2024-08-08T23:52:43.265-03:00";"2024-08-08";"fabbate";"collect:heD75iJIfDhUzWYA";"e0b9333e";"3";"102";"1106346";"1";"";"";"";"";"";"9";"2";"1";"";"";"";"";"";"";"";"";"";"";"1";"1";"2";"2";"2";"93"
"2024-08-08T23:43:10.309-03:00";"2024-08-08T23:52:45.544-03:00";"2024-08-08";"fabbate";"collect:heD75iJIfDhUzWYA";"024d68d6";"3";"102";"1106346";"1";"";"";"";"";"";"9";"2";"1";"";"";"";"";"";"";"";"";"";"";"1";"1";"2";"2";"2";"94"
"2024-08-08T21:38:01.749-03:00";"2024-08-08T23:52:36.389-03:00";"2024-08-08";"fabbate";"collect:heD75iJIfDhUzWYA";"aea969e8";"1";"102";"1106146";"1";"";"";"";"";"";"9";"2";"2";"";"";"";"alvear_av";"0";"recoleta";"2";"1";"";"";"1";"2";"2";"2";"2";"95"
"2024-08-08T21:48:11.441-03:00";"2024-08-08T23:52:38.706-03:00";"2024-08-08";"fabbate";"collect:heD75iJIfDhUzWYA";"acba242c";"1";"102";"1106146";"1";"";"";"";"";"";"9";"2";"2";"";"";"";"alvear_av";"0";"recoleta";"2";"1";"";"";"1";"1";"2";"2";"2";"96"
"2024-08-08T23:51:25.670-03:00";"2024-08-08T23:55:46.733-03:00";"2024-08-08";"fmartinez";"collect:j12UvRTHA7s2D74i";"862a5f96";"1";"210";"1106181";"1";"";"";"";"";"";"1";"2";"2";"";"";"";"catamarca";"0";"boedo";"3";"2";"";"";"1";"1";"2";"2";"2";"97"
"2024-08-08T23:44:15.186-03:00";"2024-08-08T23:51:20.758-03:00";"2024-08-08";"fmartinez";"collect:j12UvRTHA7s2D74i";"d41f9fd0";"1";"210";"1106181";"1";"";"";"";"";"";"1";"2";"4";"";"";"";"catamarca";"0";"boedo";"3";"1";"";"";"1";"1";"2";"2";"2";"98"
"2024-08-08T21:48:57.031-03:00";"2024-08-08T21:51:30.285-03:00";"2024-08-08";"fmartinez";"collect:j12UvRTHA7s2D74i";"3100698f";"1";"210";"1106217";"1";"";"";"";"";"";"4";"2";"2";"";"";"";"estados_unidos";"0";"boedo";"3";"1";"";"";"1";"1";"2";"2";"2";"99"
"2024-08-08T21:44:13.708-03:00";"2024-08-08T21:47:06.201-03:00";"2024-08-08";"fmartinez";"collect:j12UvRTHA7s2D74i";"b7c18445";"1";"210";"1106217";"1";"";"";"";"";"";"4";"2";"2";"";"";"";"estados_unidos";"0";"boedo";"3";"1";"";"";"1";"1";"2";"2";"2";"100"
"2024-08-08T21:33:53.082-03:00";"2024-08-08T21:42:29.377-03:00";"2024-08-08";"fmartinez";"collect:j12UvRTHA7s2D74i";"88ada6be";"1";"210";"1106053";"1";"";"";"";"";"";"1";"2";"2";"";"";"";"sarandi";"446";"montserrat";"3";"2";"";"";"1";"1";"2";"2";"2";"101"
"2024-08-08T21:26:36.326-03:00";"2024-08-08T21:32:06.905-03:00";"2024-08-08";"fmartinez";"collect:j12UvRTHA7s2D74i";"11bb275d";"1";"210";"1106053";"1";"";"";"";"";"";"";"";"";"";"";"";"sarandi";"446";"montserrat";"3";"1";"";"";"";"";"";"";"";"102"
"2024-08-09T02:09:07.445-03:00";"2024-08-09T02:17:22.626-03:00";"2024-08-09";"gcorrea";"collect:jTOe7f4kwzjaGufZ";"2c40a343";"1";"176";"1106399";"1";"";"";"";"";"";"1";"2";"1";"";"";"";"orono_nicasio";"1111";"flores";"7";"1";"";"";"2";"1";"1";"2";"2";"103"
"2024-08-09T07:55:09.506-03:00";"2024-08-09T08:02:00.897-03:00";"2024-08-09";"dpaz";"collect:LIrbEA8kk24qA8f2";"2bddf4e6";"1";"234";"1106525";"1";"";"";"";"";"";"";"";"";"";"";"";"bonifacio_jose";"2000";"flores";"5";"3";"2";"1";"";"";"";"";"";"104"
"2024-08-09T07:51:55.626-03:00";"2024-08-09T08:09:15.310-03:00";"2024-08-09";"rmian";"collect:Kq8RDKFnBtyQG7Nd";"ca9ac113";"1";"217";"1106517";"1";"";"";"";"";"";"";"";"";"";"";"";"cramer_av";"1719";"belgrano";"13";"3";"2";"2";"";"";"";"";"";"105"
"2024-08-09T02:17:56.730-03:00";"2024-08-09T08:23:01.657-03:00";"2024-08-09";"gcorrea";"collect:jTOe7f4kwzjaGufZ";"2678afa3";"1";"227";"1106503";"1";"";"";"";"";"";"";"";"";"";"";"";"yrigoyen_hipolito";"3150";"balvanera";"1";"La persona mencionada en carta no se contacta.
Se acerca un espontáneo ";"3";"2";"1";"Espontáneo Jorge Strazzierri ";"";"";"";"";"";"";"";"";"";"";"";"";"";"106"
"2024-08-09T08:20:49.540-03:00";"2024-08-09T08:29:44.576-03:00";"2024-08-09";"mgomez";"collect:j12UvRTHA7s2D74i";"6184c5c3";"1";"188";"1106516";"1";"-34.5960519 -58.3931766 41.89999771118164 4.72";"-34.5960519";"-58.3931766";"41.89999771118164";"4.72";"12";"2";"2";"";"";"";"callao_av";"1000";"recoleta";"2";"1";"";"";"2";"1";"2";"2";"2";"107"
"2024-08-09T08:14:59.281-03:00";"2024-08-09T08:34:39.810-03:00";"2024-08-09";"ccariuza";"collect:zlst1IxMGpUv8iis";"030cea19";"1";"152";"1106500";"1";"";"";"";"";"";"";"";"";"";"";"";"bolivar_(no_oficial)";"1332";"san_telmo";"1";"3";"2";"1";"";"";"";"";"";"108"
"2024-08-09T08:31:43.705-03:00";"2024-08-09T08:38:13.427-03:00";"2024-08-09";"monofri";"collect:jTOe7f4kwzjaGufZ";"9679fdd3";"1";"227";"1106524";"1";"";"";"";"";"";"1";"2";"1";"";"";"";"junin";"547";"balvanera";"1";"Contacto masculino debajo de un toldo reciclado con varias mantas.
Responde al llamado pero refiere que no quiere nada.";"1";"";"";"";"1";"";"";"";"";"";"";"";"";"";"";"";"2";"109"
"2024-08-09T08:30:05.059-03:00";"2024-08-09T08:41:00.732-03:00";"2024-08-09";"dpaz";"collect:LIrbEA8kk24qA8f2";"619bd7d8";"1";"234";"1106523";"1";"";"";"";"";"";"1";"2";"1";"";"";"";"falcon_ramon_lcnel";"0";"flores";"7";"1";"";"";"2";"2";"1";"2";"2";"110"
"2024-08-09T08:44:58.250-03:00";"2024-08-09T08:53:05.340-03:00";"2024-08-09";"ccariuza";"collect:zlst1IxMGpUv8iis";"99f15eb8";"1";"152";"1106515";"1";"";"";"";"";"";"";"";"";"";"";"";"paseo_colon_av";"367";"san_nicolas";"1";"No se contacta ni se observan pertenencias.
Se pregunta en el kiosco de la misma cuadra y nos informan que hoy no vio a personas en situación de calle 
Y que hace dos días vio a una pareja de mediana edad  que se encuentran esporádicamente en el lugar ";"3";"2";"2";"";"";"";"";"";"";"";"";"";"";"";"";"";"";"111"
"2024-08-09T08:56:58.954-03:00";"2024-08-09T09:03:43.876-03:00";"2024-08-09";"dpaz";"collect:LIrbEA8kk24qA8f2";"73741ebd";"1";"234";"1106502";"1";"";"";"";"";"";"";"";"";"";"";"";"bonorino_esteban_cnel_av";"149";"flores";"7";"3";"2";"1";"";"";"";"";"";"112"
"2024-08-09T09:21:52.713-03:00";"2024-08-09T09:27:23.117-03:00";"2024-08-09";"dpaz";"collect:LIrbEA8kk24qA8f2";"247f5960";"1";"234";"1106561";"1";"";"";"";"";"";"";"";"";"";"";"";"paez";"0";"caballito";"7";"3";"2";"2";"";"";"";"";"";"113"
"2024-08-09T09:29:15.434-03:00";"2024-08-09T09:31:22.110-03:00";"2024-08-09";"abianchi";"collect:L7GkFdUtLdzh6q3Y";"7df6fe55";"1";"136";"1106293";"3";"-34.6008244 -58.5056829 45.599998474121094 2.88";"-34.6008244";"-58.5056829";"45.599998474121094";"2.88";"";"";"";"";"";"";"san_nicolas";"3600";"villa_devoto";"11";"3";"2";"2";"";"";"";"";"";"114"
"2024-08-09T09:29:54.984-03:00";"2024-08-09T09:33:07.434-03:00";"2024-08-09";"dpaz";"collect:LIrbEA8kk24qA8f2";"52e594e5";"1";"234";"1106499";"1";"";"";"";"";"";"";"";"";"";"";"";"alberdi_juan_bautista_av";"5765";"flores";"7";"3";"2";"2";"";"";"";"";"";"115"
"2024-08-09T09:33:22.644-03:00";"2024-08-09T09:34:55.939-03:00";"2024-08-09";"dpaz";"collect:LIrbEA8kk24qA8f2";"9e01df55";"1";"234";"1106544";"1";"";"";"";"";"";"";"";"";"";"";"";"acoyte_av";"71";"caballito";"7";"3";"2";"2";"";"";"";"";"";"116"
"2024-08-09T08:13:46.360-03:00";"2024-08-09T09:43:06.818-03:00";"2024-08-09";"rmian";"collect:Kq8RDKFnBtyQG7Nd";"64925597";"1";"217";"1106336";"1";"";"";"";"";"";"1";"2";"1";"";"";"";"Se contacta al sr. Blas Puebla, DNI:13.505.056, de 69 años, se encuentra en situación de calle hace más de 19 años, por problemas familiares, rechaza ir a un Cis, por las malas experiencias que tuvo, la apariencia es de barba, es muy delgado, refiere tener una operación en la rodilla y cadera, en este momento, tiene un dolor muy fuerte en la espalda, rechaza ser atendido por un médico, y dice tener dificultad en pararse, hablo con encargado del edificio Marcelino Sena, refiere que Blas hace tres dias que no se mueve del lugar, que se hace sus necesidades en lugar y que no esta bien emocionalmente, que también habla con una T.S. del hospital Pirovano que dice que el sr. fue internado en el lugar Pero se fue por su propia voluntad.
Se pide evaluacion del equipo de salud mental, es de suma urgencia que lo puedan trasladar a un lugar.";"ciudad_de_la_paz";"924";"";"belgrano";"13";"";"1";"";"1";"";"";"";"";"";"";"";"";"117"
"2024-08-09T09:44:55.272-03:00";"2024-08-09T09:52:58.627-03:00";"2024-08-09";"mgomez";"collect:j12UvRTHA7s2D74i";"760965d9";"1";"188";"1106519";"1";"-34.5865726 -58.401784 28.200000762939453 3.716";"-34.5865726";"-58.401784";"28.200000762939453";"3.716";"1";"2";"2";"";"";"";"lacroze_federico_av";"1755";"palermo";"14";"1";"";"";"2";"1";"2";"2";"2";"118"
"2024-08-09T09:10:08.325-03:00";"2024-08-09T09:54:13.861-03:00";"2024-08-09";"iarriagada";"collect:xYfZLEUg9mW2JjM4";"e33e4f6a";"1";"120";"1106341";"1";"";"";"";"";"";"12";"2";"2";"";"";"";"rivera_indarte_av";"5088";"villa_urquiza";"12";"1";"";"";"2";"1";"1";"2";"2";"119"
"2024-08-09T09:56:32.436-03:00";"2024-08-09T09:59:29.873-03:00";"2024-08-09";"rmian";"collect:Kq8RDKFnBtyQG7Nd";"c192c28c";"1";"217";"1106510";"1";"";"";"";"";"";"";"";"";"";"";"";"del_libertador_av";"6300";"nunez";"13";"3";"2";"1";"";"";"";"";"";"120"
"2024-08-09T09:54:09.978-03:00";"2024-08-09T10:00:25.542-03:00";"2024-08-09";"mgomez";"collect:j12UvRTHA7s2D74i";"3761827d";"1";"188";"1106505";"1";"-34.5864912 -58.4017005 28.200000762939453 4.96";"-34.5864912";"-58.4017005";"28.200000762939453";"4.96";"1";"2";"2";"";"";"";"diaz_cnel_av";"1737";"palermo";"14";"1";"";"";"2";"2";"1";"2";"1";"121"
"2024-08-09T10:05:07.925-03:00";"2024-08-09T10:07:21.008-03:00";"2024-08-09";"rmian";"collect:Kq8RDKFnBtyQG7Nd";"b820f0e5";"1";"217";"1106576";"1";"";"";"";"";"";"";"";"";"";"";"";"ciudad_de_la_paz";"1900";"belgrano";"13";"3";"2";"2";"";"";"";"";"";"122"
"2024-08-09T10:12:43.702-03:00";"2024-08-09T10:14:46.181-03:00";"2024-08-09";"nmilla";"collect:bktGGHzHDRHhQLUD";"2c612219";"1";"219";"1106558";"1";"";"";"";"";"";"";"";"";"";"";"";"scalabrini_ortiz_raul_av";"945";"villa_crespo";"15";"3";"2";"1";"";"";"";"";"";"123"
"2024-08-09T10:15:39.333-03:00";"2024-08-09T10:20:57.858-03:00";"2024-08-09";"mgomez";"collect:j12UvRTHA7s2D74i";"3d6daa5e";"1";"188";"1106493";"1";"-34.5865474 -58.4017826 28.200000762939453 4.6";"-34.5865474";"-58.4017826";"28.200000762939453";"4.6";"";"";"";"";"";"";"cabildo_av";"1159";"belgrano";"14";"3";"2";"2";"";"";"";"";"";"124"
"2024-08-09T10:22:56.360-03:00";"2024-08-09T10:27:02.859-03:00";"2024-08-09";"abianchi";"collect:L7GkFdUtLdzh6q3Y";"f7f2f04f";"1";"136";"748026";"3";"-34.5832905 -58.4471415 35.69999694824219 4.55";"-34.5832905";"-58.4471415";"35.69999694824219";"4.55";"";"";"";"";"";"";"cordoba_av";"6153";"chacarita";"15";"3";"2";"2";"";"";"";"";"";"125"
"2024-08-09T10:15:59.852-03:00";"2024-08-09T10:27:16.583-03:00";"2024-08-09";"iarriagada";"collect:xYfZLEUg9mW2JjM4";"502fac37";"1";"120";"1106390";"1";"-34.5678918 -58.4866002 42.2 2.8";"-34.5678918";"-58.4866002";"42.2";"2.8";"";"";"";"";"";"";"galvan";"0";"villa_urquiza";"12";"3";"2";"2";"";"";"";"";"";"126"
"2024-08-09T10:24:55.258-03:00";"2024-08-09T10:26:51.318-03:00";"2024-08-09";"smoix";"collect:L7i0htNUglP7Mhfp";"d21081b4";"1";"220";"1105546";"2";"";"";"";"";"";"";"";"";"";"";"";"alem_leandro_n_av";"690";"retiro";"1";"3";"2";"2";"";"";"";"";"";"127"
"2024-08-09T10:27:01.020-03:00";"2024-08-09T10:28:59.284-03:00";"2024-08-09";"smoix";"collect:L7i0htNUglP7Mhfp";"a991189d";"1";"220";"1106174";"2";"";"";"";"";"";"";"";"";"";"";"";"san_martin";"27";"san_nicolas";"1";"3";"2";"1";"";"";"";"";"";"128"
"2024-08-09T10:30:47.776-03:00";"2024-08-09T10:36:57.453-03:00";"2024-08-09";"monofri";"collect:jTOe7f4kwzjaGufZ";"3849e2f7";"1";"227";"1106586";"1";"";"";"";"";"";"12";"2";"1";"";"";"";"Mujer en estado vulnerable de nacionalidad Colombiana.
No conocía los recursos del programa ";"ramos_mejia";"13300";"";"retiro";"1";"";"1";"";"1";"";"";"";"";"";"";"";"";"129"
"2024-08-09T10:41:30.475-03:00";"2024-08-09T10:43:31.887-03:00";"2024-08-09";"amasseo";"collect:iUpiKxTXmsRWkN3u";"877ccc70";"1";"211";"1106573";"1";"";"";"";"";"";"";"";"";"";"";"";"viamonte";"1799";"san_cristobal";"3";"3";"2";"2";"";"";"";"";"";"130"
"2024-08-09T10:39:20.162-03:00";"2024-08-09T10:41:20.711-03:00";"2024-08-09";"amasseo";"collect:iUpiKxTXmsRWkN3u";"cf3c7c4c";"1";"211";"1106575";"1";"";"";"";"";"";"";"";"";"";"";"";"urquiza_gral";"609";"san_cristobal";"3";"3";"2";"1";"";"";"";"";"";"131"
"2024-08-09T10:30:43.760-03:00";"2024-08-09T10:38:25.439-03:00";"2024-08-09";"amasseo";"collect:iUpiKxTXmsRWkN3u";"ebf31e52";"2";"211";"0";"1";"";"";"";"";"";"1";"1";"3";"";"";"";"la_plata_av";"545";"boedo";"5";"1";"";"";"1";"1";"1";"2";"2";"132"
"2024-08-09T10:42:18.051-03:00";"2024-08-09T10:43:35.952-03:00";"2024-08-09";"smoix";"collect:L7i0htNUglP7Mhfp";"68e4b696";"1";"220";"1105133";"2";"";"";"";"";"";"";"";"";"";"";"";"brasil_av";"0";"san_telmo";"1";"3";"2";"2";"";"";"";"";"";"133"
"2024-08-09T10:45:33.333-03:00";"2024-08-09T10:51:38.447-03:00";"2024-08-09";"mgomez";"collect:j12UvRTHA7s2D74i";"5ab65d26";"1";"188";"1106533";"1";"-34.5975512 -58.4034249 32.20000076293945 4.92";"-34.5975512";"-58.4034249";"32.20000076293945";"4.92";"8";"2";"1";"";"";"";"austria";"1500";"recoleta";"3";"2";"";"";"2";"1";"2";"2";"2";"134"
"2024-08-09T10:38:08.624-03:00";"2024-08-09T10:54:09.405-03:00";"2024-08-09";"monofri";"collect:jTOe7f4kwzjaGufZ";"5acaaa0c";"1";"227";"1106556";"1";"";"";"";"";"";"12";"2";"1";"";"";"";"ramos_mejia";"1300";"retiro";"1";"Hombre contactado pero en el día de hoy no hay vacantes para hombres
Fue derivado a Dipa";"1";"";"";"";"1";"";"";"";"";"";"";"";"";"";"";"";"2";"135"
"2024-08-09T10:57:45.474-03:00";"2024-08-09T11:00:15.288-03:00";"2024-08-09";"mgomez";"collect:j12UvRTHA7s2D74i";"7c28b504";"1";"188";"1106535";"1";"-34.6123953 -58.4056156 39.099998474121094 4.6";"-34.6123953";"-58.4056156";"39.099998474121094";"4.6";"";"";"";"";"";"";"godoy_cruz";"2023";"palermo";"14";"3";"2";"2";"";"";"";"";"";"136"
"2024-08-09T10:54:18.977-03:00";"2024-08-09T11:04:18.285-03:00";"2024-08-09";"monofri";"collect:jTOe7f4kwzjaGufZ";"f6994d91";"1";"227";"1106556";"1";"";"";"";"";"";"12";"2";"1";"";"";"";"ramos_mejia";"1300";"retiro";"1";"1";"";"";"2";"1";"2";"2";"2";"137"
"2024-08-09T11:05:41.502-03:00";"2024-08-09T11:08:33.191-03:00";"2024-08-09";"mgomez";"collect:j12UvRTHA7s2D74i";"9bd510fa";"1";"188";"1106609";"1";"-34.6231976 -58.3977524 43.79999923706055 4.751";"-34.6231976";"-58.3977524";"43.79999923706055";"4.751";"";"";"";"";"";"";"lacroze_federico_av";"1755";"belgrano";"14";"3";"2";"1";"";"";"";"";"";"138"
"2024-08-09T11:05:09.049-03:00";"2024-08-09T11:10:11.162-03:00";"2024-08-09";"monofri";"collect:jTOe7f4kwzjaGufZ";"246e54c9";"1";"227";"1106556";"1";"";"";"";"";"";"12";"2";"1";"";"";"";"Mujer en situación de calle 
Con infección en pierna derecha por una mala praxis";"ramos_mejia";"1500";"";"retiro";"1";"Dentro de la estación de Ferrocarril Mitre ";"1";"";"1";"";"";"";"";"";"";"";"";"139"
"2024-08-09T08:47:25.432-03:00";"2024-08-09T11:10:45.983-03:00";"2024-08-09";"jrios";"collect:LzalQ0ls7cdzAe8E";"55b882e7";"1";"246";"1106339";"3";"-34.5888173 -58.3997512 34.19999694824219 4.85";"-34.5888173";"-58.3997512";"34.19999694824219";"4.85";"";"";"";"";"";"";"pueyrredon_av";"1914";"recoleta";"2";"3";"2";"2";"";"";"";"";"";"140"
"2024-08-09T11:05:20.413-03:00";"2024-08-09T11:10:45.979-03:00";"2024-08-09";"rmian";"collect:Kq8RDKFnBtyQG7Nd";"a9072ff9";"1";"217";"1106681";"1";"";"";"";"";"";"3";"2";"1";"";"";"";"san_isidro_labrador_av";"4774";"nunez";"13";"1";"";"";"2";"1";"1";"1";"2";"141"
"2024-08-09T11:11:07.368-03:00";"2024-08-09T11:14:22.466-03:00";"2024-08-09";"mgomez";"collect:j12UvRTHA7s2D74i";"50b3d15b";"1";"188";"1106557";"1";"-34.6239491 -58.3920368 43.29999923706055 6.014";"-34.6239491";"-58.3920368";"43.29999923706055";"6.014";"";"";"";"";"";"";"del_libertador_av";"1140";"retiro";"1";"3";"2";"2";"";"";"";"";"";"142"
"2024-08-09T11:10:39.864-03:00";"2024-08-09T11:15:41.653-03:00";"2024-08-09";"monofri";"collect:jTOe7f4kwzjaGufZ";"bb086b5c";"1";"227";"1106556";"1";"";"";"";"";"";"12";"2";"1";"";"";"";"ramos_mejia";"1500";"retiro";"1";"1";"";"";"2";"1";"2";"2";"2";"143"
"2024-08-08T19:45:39.544-03:00";"2024-08-08T22:43:32.523-03:00";"2024-08-08";"mruiz";"collect:bktGGHzHDRHhQLUD";"0a90175b";"1";"253";"1106127";"1";"";"";"";"";"";"";"";"";"";"";"";"marechal_leopoldo";"0";"chacarita";"15";"3";"2";"2";"";"";"";"";"";"144"
"2024-08-09T11:17:06.602-03:00";"2024-08-09T11:18:33.935-03:00";"2024-08-09";"monofri";"collect:jTOe7f4kwzjaGufZ";"43bd1714";"1";"227";"1106959";"1";"";"";"";"";"";"";"";"";"";"";"";"viamonte";"669";"san_nicolas";"1";"3";"2";"2";"";"";"";"";"";"145"
"2024-08-09T10:44:25.579-03:00";"2024-08-09T11:18:43.583-03:00";"2024-08-09";"amasseo";"collect:iUpiKxTXmsRWkN3u";"ff120da5";"1";"211";"1106583";"1";"";"";"";"";"";"";"";"";"";"";"";"laferrere_gregorio_de";"1186";"parque_chacabuco";"7";"3";"2";"2";"";"";"";"";"";"146"
"2024-08-09T11:04:16.928-03:00";"2024-08-09T11:18:13.395-03:00";"2024-08-09";"nmilla";"collect:bktGGHzHDRHhQLUD";"7b287725";"1";"219";"1106589";"1";"";"";"";"";"";"1";"2";"2";"";"";"";"cordoba_av";"0";"villa_crespo";"15";"1";"";"";"2";"1";"2";"2";"2";"147"
"2024-08-09T11:18:43.011-03:00";"2024-08-09T11:21:06.016-03:00";"2024-08-09";"monofri";"collect:jTOe7f4kwzjaGufZ";"f5c22352";"1";"227";"1106596";"1";"";"";"";"";"";"";"";"";"";"";"";"perette_carlos_h";"500";"retiro";"1";"3";"2";"2";"";"";"";"";"";"148"
"2024-08-09T11:20:51.900-03:00";"2024-08-09T11:25:12.631-03:00";"2024-08-09";"nmilla";"collect:bktGGHzHDRHhQLUD";"99e5a306";"1";"219";"1106586";"1";"";"";"";"";"";"";"";"";"";"";"";"cordoba_av";"4724";"villa_crespo";"15";"3";"2";"1";"";"";"";"";"";"149"
"2024-08-09T11:24:41.918-03:00";"2024-08-09T11:28:46.191-03:00";"2024-08-09";"mgomez";"collect:j12UvRTHA7s2D74i";"c643c000";"1";"188";"1106613";"1";"-34.6239063 -58.3921235 43.39999771118164 12.754";"-34.6239063";"-58.3921235";"43.39999771118164";"12.754";"";"";"";"";"";"";"beruti";"1250";"palermo";"14";"3";"2";"2";"";"";"";"";"";"150"
"2024-08-09T11:25:45.799-03:00";"2024-08-09T11:33:49.179-03:00";"2024-08-09";"nmilla";"collect:bktGGHzHDRHhQLUD";"df58d736";"1";"219";"1106579";"1";"";"";"";"";"";"";"";"";"";"";"";"roseti";"0";"villa_urquiza";"13";"3";"2";"2";"";"";"";"";"";"151"
"2024-08-09T11:33:07.389-03:00";"2024-08-09T11:35:48.056-03:00";"2024-08-09";"amasseo";"collect:iUpiKxTXmsRWkN3u";"42b1f184";"1";"211";"1106664";"1";"";"";"";"";"";"1";"2";"2";"";"";"";"gutierrez_ricardo";"4400";"villa_devoto";"11";"1";"";"";"2";"1";"2";"2";"2";"152"
"2024-08-09T11:36:26.974-03:00";"2024-08-09T11:37:41.737-03:00";"2024-08-09";"amasseo";"collect:iUpiKxTXmsRWkN3u";"872557af";"1";"211";"1106670";"1";"";"";"";"";"";"";"";"";"";"";"";"bonifacio_jose";"332";"caballito";"6";"3";"2";"2";"";"";"";"";"";"153"
"2024-08-09T11:37:26.848-03:00";"2024-08-09T11:40:48.676-03:00";"2024-08-09";"nmilla";"collect:bktGGHzHDRHhQLUD";"937073d4";"1";"219";"1106758";"1";"";"";"";"";"";"";"";"";"";"";"";"gurruchaga";"0";"villa_crespo";"15";"3";"2";"2";"";"";"";"";"";"154"
"2024-08-09T11:35:47.349-03:00";"2024-08-09T11:41:47.938-03:00";"2024-08-09";"mgomez";"collect:j12UvRTHA7s2D74i";"ada84fb0";"1";"188";"1106566";"1";"-34.6236801 -58.3917801 43.39999771118164 9.661";"-34.6236801";"-58.3917801";"43.39999771118164";"9.661";"";"";"";"";"";"";"mansilla_lucio_norberto_general";"4000";"palermo";"14";"3";"2";"2";"";"";"";"";"";"155"
"2024-08-09T11:34:27.426-03:00";"2024-08-09T11:44:22.213-03:00";"2024-08-09";"ccariuza";"collect:zlst1IxMGpUv8iis";"3e952672";"1";"152";"1106353";"1";"";"";"";"";"";"1";"2";"3";"";"";"";"callao_av";"0";"san_cristobal";"3";"2";"";"";"2";"1";"2";"2";"2";"156"
"2024-08-09T11:36:37.956-03:00";"2024-08-09T11:38:14.670-03:00";"2024-08-09";"smoix";"collect:L7i0htNUglP7Mhfp";"11ea8985";"1";"220";"1106270";"2";"";"";"";"";"";"";"";"";"";"";"";"chacabuco";"1201";"san_telmo";"1";"3";"2";"2";"";"";"";"";"";"157"
"2024-08-09T11:38:21.630-03:00";"2024-08-09T11:40:33.945-03:00";"2024-08-09";"smoix";"collect:L7i0htNUglP7Mhfp";"1257e0e8";"1";"220";"1104109";"2";"";"";"";"";"";"";"";"";"";"";"";"irigoyen_bernardo_de";"1414";"constitucion";"1";"3";"2";"2";"";"";"";"";"";"158"
"2024-08-09T11:40:40.701-03:00";"2024-08-09T11:41:45.389-03:00";"2024-08-09";"smoix";"collect:L7i0htNUglP7Mhfp";"9db93eab";"1";"220";"1105702";"2";"";"";"";"";"";"";"";"";"";"";"";"irigoyen_bernardo_de";"0";"constitucion";"1";"3";"2";"2";"";"";"";"";"";"159"
"2024-08-09T11:41:53.539-03:00";"2024-08-09T11:43:05.409-03:00";"2024-08-09";"smoix";"collect:L7i0htNUglP7Mhfp";"68e5ef0a";"1";"220";"1106124";"2";"";"";"";"";"";"";"";"";"";"";"";"humberto_1°";"1173";"constitucion";"1";"3";"2";"1";"";"";"";"";"";"160"
"2024-08-09T11:43:26.188-03:00";"2024-08-09T11:44:56.740-03:00";"2024-08-09";"smoix";"collect:L7i0htNUglP7Mhfp";"f31ce7cd";"1";"220";"1105047";"2";"";"";"";"";"";"";"";"";"";"";"";"saenz_pena_luis_pres";"1200";"constitucion";"1";"3";"2";"2";"";"";"";"";"";"161"
"2024-08-09T11:45:03.487-03:00";"2024-08-09T11:46:15.415-03:00";"2024-08-09";"smoix";"collect:L7i0htNUglP7Mhfp";"bdaaf3e3";"1";"220";"1106221";"2";"";"";"";"";"";"";"";"";"";"";"";"alsina_adolfo";"2701";"balvanera";"3";"3";"1";"2";"";"";"";"";"";"162"
"2024-08-09T11:45:02.417-03:00";"2024-08-09T11:48:59.118-03:00";"2024-08-09";"ccariuza";"collect:zlst1IxMGpUv8iis";"a2eda2c5";"1";"152";"1106665";"1";"";"";"";"";"";"";"";"";"";"";"";"peron_juan_domingo_tte_general";"3226";"almagro";"3";"3";"2";"2";"";"";"";"";"";"163"
"2024-08-09T11:41:06.262-03:00";"2024-08-09T11:51:16.532-03:00";"2024-08-09";"nmilla";"collect:bktGGHzHDRHhQLUD";"aaea771f";"1";"219";"1106761";"1";"";"";"";"";"";"1";"2";"1";"";"";"";"corrientes_av";"0";"villa_crespo";"15";"1";"";"";"2";"1";"2";"2";"2";"164"
"2024-08-09T11:50:22.057-03:00";"2024-08-09T11:51:40.882-03:00";"2024-08-09";"ccariuza";"collect:zlst1IxMGpUv8iis";"c31ef33a";"1";"152";"1106507";"1";"";"";"";"";"";"";"";"";"";"";"";"cerrito";"536";"san_cristobal";"1";"3";"2";"2";"";"";"";"";"";"165"
"2024-08-09T11:51:51.570-03:00";"2024-08-09T11:53:06.378-03:00";"2024-08-09";"ccariuza";"collect:zlst1IxMGpUv8iis";"ffb6d396";"1";"152";"1106255";"1";"";"";"";"";"";"";"";"";"";"";"";"paseo_colon_av";"225";"san_telmo";"1";"3";"2";"2";"";"";"";"";"";"166"
"2024-08-09T11:51:40.151-03:00";"2024-08-09T11:54:17.868-03:00";"2024-08-09";"nmilla";"collect:bktGGHzHDRHhQLUD";"4d8980f8";"1";"219";"1106531";"1";"";"";"";"";"";"";"";"";"";"";"";"corrientes_av";"6393";"villa_crespo";"15";"3";"2";"1";"";"";"";"";"";"167"
"2024-08-09T11:54:37.074-03:00";"2024-08-09T11:59:01.591-03:00";"2024-08-09";"nmilla";"collect:bktGGHzHDRHhQLUD";"08f85881";"1";"219";"1106527";"1";"";"";"";"";"";"1";"2";"1";"";"";"";"gurruchaga";"447";"villa_crespo";"15";"1";"";"";"2";"1";"2";"2";"2";"168"
"2024-08-09T12:01:21.227-03:00";"2024-08-09T12:05:12.668-03:00";"2024-08-09";"jrios";"collect:LzalQ0ls7cdzAe8E";"df942df5";"1";"246";"425777";"3";"-34.5956176 -58.3963798 41.89999771118164 4.95";"-34.5956176";"-58.3963798";"41.89999771118164";"4.95";"";"";"";"";"";"";"santa_fe_av";"2000";"recoleta";"2";"3";"2";"1";"";"";"";"";"";"169"
"2024-08-09T12:05:31.401-03:00";"2024-08-09T12:10:51.336-03:00";"2024-08-09";"jrios";"collect:LzalQ0ls7cdzAe8E";"82fac065";"1";"246";"1089124";"3";"-34.5957534 -58.3963972 41.89999771118164 4.816";"-34.5957534";"-58.3963972";"41.89999771118164";"4.816";"";"";"";"";"";"";"santa_fe_av";"2000";"recoleta";"2";"1";"";"";"";"";"";"";"";"170"
"2024-08-08T20:21:06.025-03:00";"2024-08-08T22:43:47.599-03:00";"2024-08-08";"mruiz";"collect:bktGGHzHDRHhQLUD";"cbfd54fc";"1";"253";"1106100";"1";"";"";"";"";"";"";"";"";"";"";"";"warnes_av";"2630";"agronomia";"15";"3";"2";"1";"";"";"";"";"";"171"
"2024-08-08T20:43:40.804-03:00";"2024-08-08T22:43:55.278-03:00";"2024-08-08";"mruiz";"collect:bktGGHzHDRHhQLUD";"8b485b11";"1";"253";"1106133";"1";"";"";"";"";"";"1";"2";"1";"";"";"";"espinosa";"0";"chacarita";"15";"1";"";"";"2";"2";"1";"2";"2";"172"
"2024-08-08T21:09:34.918-03:00";"2024-08-08T22:44:11.157-03:00";"2024-08-08";"mruiz";"collect:bktGGHzHDRHhQLUD";"333cf74e";"1";"253";"1106065";"1";"";"";"";"";"";"";"";"";"";"";"";"del_temple";"2505";"chacarita";"15";"3";"2";"1";"";"";"";"";"";"173"
"2024-08-08T21:24:17.640-03:00";"2024-08-08T22:44:19.548-03:00";"2024-08-08";"mruiz";"collect:bktGGHzHDRHhQLUD";"363fba67";"1";"253";"1106230";"1";"";"";"";"";"";"";"";"";"";"";"";"acha_mariano_gral";"1295";"chacarita";"15";"3";"1";"1";"";"";"";"";"";"174"
"2024-08-08T21:26:35.088-03:00";"2024-08-08T22:44:27.876-03:00";"2024-08-08";"mruiz";"collect:bktGGHzHDRHhQLUD";"208ce604";"1";"253";"1106149";"1";"";"";"";"";"";"1";"2";"1";"";"";"";"alvarez_thomas_av";"1291";"chacarita";"15";"1";"";"";"1";"2";"1";"2";"2";"175"
"2024-08-09T12:20:42.525-03:00";"2024-08-09T12:22:17.070-03:00";"2024-08-09";"smoix";"collect:L7i0htNUglP7Mhfp";"2a60d8d7";"1";"220";"1105576";"2";"";"";"";"";"";"";"";"";"";"";"";"cobo_av";"916";"parque_chacabuco";"4";"3";"2";"2";"";"";"";"";"";"176"
"2024-08-09T13:02:31.975-03:00";"2024-08-09T13:05:16.207-03:00";"2024-08-09";"egimenes@buenos aires";"collect:9x5iTmOcNr3jBYfz";"fb8ded14";"2";"185";"0";"5";"";"";"";"";"";"";"";"";"";"";"";"paz_gral_av";"0";"versalles";"5";"3";"2";"2";"";"";"";"";"";"177"
"2024-08-09T13:05:27.609-03:00";"2024-08-09T13:07:17.920-03:00";"2024-08-09";"egimenes@buenos aires";"collect:9x5iTmOcNr3jBYfz";"6af752f0";"2";"185";"0";"5";"";"";"";"";"";"";"";"";"";"";"";"santa_fe_av";"2300";"recoleta";"2";"3";"2";"2";"";"";"";"";"";"178"
"2024-08-09T13:07:27.622-03:00";"2024-08-09T13:10:16.434-03:00";"2024-08-09";"egimenes@buenos aires";"collect:9x5iTmOcNr3jBYfz";"1d79eaf7";"2";"185";"0";"5";"";"";"";"";"";"";"";"";"";"";"";"santa_fe_av";"2700";"recoleta";"2";"3";"2";"2";"";"";"";"";"";"179"
"2024-08-09T13:10:27.190-03:00";"2024-08-09T13:18:01.664-03:00";"2024-08-09";"egimenes@buenos aires";"collect:9x5iTmOcNr3jBYfz";"1dfc16d9";"2";"185";"0";"5";"";"";"";"";"";"1";"2";"1";"";"";"";"ciudad_de_la_paz";"0";"belgrano";"13";"1";"";"";"2";"1";"2";"2";"2";"180"
"2024-08-09T13:33:23.693-03:00";"2024-08-09T13:34:31.413-03:00";"2024-08-09";"labalo";"collect:zlst1IxMGpUv8iis";"02c12c4e";"1";"101";"1106620";"1";"";"";"";"";"";"";"";"";"";"";"";"cordoba_av";"2657";"almagro";"2";"3";"2";"1";"";"";"";"";"";"181"
"2024-08-09T13:36:18.154-03:00";"2024-08-09T13:38:07.146-03:00";"2024-08-09";"dpaz";"collect:LIrbEA8kk24qA8f2";"e61afaad";"1";"173";"1106694";"1";"";"";"";"";"";"";"";"";"";"";"";"colombres";"0";"almagro";"5";"3";"2";"2";"";"";"";"";"";"182"
"2024-08-09T13:41:38.176-03:00";"2024-08-09T13:43:05.802-03:00";"2024-08-09";"csalvador";"collect:xYfZLEUg9mW2JjM4";"53fc6239";"1";"257";"1106808";"1";"";"";"";"";"";"";"";"";"";"";"";"lacroze_federico";"0";"chacarita";"15";"3";"2";"1";"Av Triunvirato y Federico Lacroze siendo las 13:35hs 
El equipo arriba al punto dónde no se contactan personas en situación vulnerable ni tampoco se observan pertenencias.";"";"";"";"";"";"";"";"";"";"";"";"";"";"";"";"";"";"183"
"2024-08-09T13:47:45.610-03:00";"2024-08-09T13:51:01.298-03:00";"2024-08-09";"csalvador";"collect:xYfZLEUg9mW2JjM4";"edb2f6a3";"1";"257";"1106640";"1";"";"";"";"";"";"1";"2";"1";"";"";"";"newbery_jorge";"0";"chacarita";"15";"1";"";"";"2";"1";"1";"2";"2";"184"
"2024-08-08T23:46:12.396-03:00";"2024-08-08T23:50:34.705-03:00";"2024-08-08";"fcarrascosa";"collect:WXGrpocOojXhiCAS";"a1ad73b4";"1";"153";"1106353";"1";"";"";"";"";"";"9";"2";"2";"";"";"";"callao_av";"270";"san_cristobal";"2";"2";"";"";"1";"1";"2";"2";"2";"185"
"2024-08-09T13:40:36.484-03:00";"2024-08-09T13:43:04.880-03:00";"2024-08-09";"dsalazar";"collect:WXGrpocOojXhiCAS";"fcf90f6e";"1";"256";"1106637";"1";"";"";"";"";"";"";"";"";"";"";"";"cruz_osvaldo";"3000";"barracas";"4";"3";"2";"2";"";"";"";"";"";"186"
"2024-08-09T13:51:28.153-03:00";"2024-08-09T13:52:35.160-03:00";"2024-08-09";"mbenitez";"collect:j12UvRTHA7s2D74i";"04212a1a";"1";"133";"1106602";"1";"";"";"";"";"";"";"";"";"";"";"";"calvo_carlos";"0";"";"3";"3";"2";"2";"";"";"";"";"";"187"
"2024-08-09T13:50:32.540-03:00";"2024-08-09T13:52:49.169-03:00";"2024-08-09";"dpaz";"collect:LIrbEA8kk24qA8f2";"d7a31a37";"1";"173";"1106770";"1";"";"";"";"";"";"";"";"";"";"";"";"medrano_av";"495";"almagro";"5";"3";"2";"1";"";"";"";"";"";"188"
"2024-08-09T13:57:15.828-03:00";"2024-08-09T13:58:24.439-03:00";"2024-08-09";"labalo";"collect:zlst1IxMGpUv8iis";"93cacf47";"1";"101";"1106769";"1";"-34.5831408 -58.4225948 30.100000381469727 4.933";"-34.5831408";"-58.4225948";"30.100000381469727";"4.933";"";"";"";"";"";"";"borges_jorge_luis";"2342";"palermo";"14";"3";"2";"1";"";"";"";"";"";"189"
"2024-08-09T14:05:26.367-03:00";"2024-08-09T14:06:14.996-03:00";"2024-08-09";"bjordan";"collect:bktGGHzHDRHhQLUD";"fb21b7a6";"1";"194";"1106787";"1";"";"";"";"";"";"";"";"";"";"";"";"del_libertador_av";"7600";"";"99";"3";"1";"1";"";"";"";"";"";"190"
"2024-08-09T14:06:08.673-03:00";"2024-08-09T14:08:42.324-03:00";"2024-08-09";"dsalazar";"collect:WXGrpocOojXhiCAS";"355a4c53";"1";"256";"1106783";"1";"";"";"";"";"";"";"";"";"";"";"";"luzuriaga";"0";"barracas";"4";"3";"2";"2";"";"";"";"";"";"191"
"2024-08-09T14:17:46.299-03:00";"2024-08-09T14:19:36.036-03:00";"2024-08-09";"labalo";"collect:zlst1IxMGpUv8iis";"5c9f4310";"1";"101";"1106774";"1";"";"";"";"";"";"1";"2";"1";"";"";"";"nicaragua";"4418";"palermo";"14";"1";"";"";"2";"1";"2";"2";"2";"192"
"2024-08-09T14:15:05.673-03:00";"2024-08-09T14:20:10.542-03:00";"2024-08-09";"mbenitez";"collect:j12UvRTHA7s2D74i";"13a0cc8c";"1";"133";"1109768";"1";"";"";"";"";"";"1";"2";"2";"";"";"";"rivadavia_av";"2564";"";"3";"1";"";"";"2";"1";"1";"1";"2";"193"
"2024-08-09T12:53:22.504-03:00";"2024-08-09T14:25:16.195-03:00";"2024-08-09";"jrios";"collect:LzalQ0ls7cdzAe8E";"8ac68f0f";"1";"246";"779003";"3";"-34.5887388 -58.3958525 32.39999771118164 4.866";"-34.5887388";"-58.3958525";"32.39999771118164";"4.866";"";"";"";"";"";"";"las_heras_general_av";"2187";"recoleta";"2";"1";"";"";"";"";"";"";"";"194"
"2024-08-09T14:35:05.500-03:00";"2024-08-09T14:35:41.805-03:00";"2024-08-09";"labalo";"collect:zlst1IxMGpUv8iis";"c5038e3a";"1";"101";"1106829";"1";"";"";"";"";"";"";"";"";"";"";"";"scalabrini_ortiz_raul_av";"2390";"palermo";"14";"3";"2";"2";"";"";"";"";"";"195"
"2024-08-09T13:55:45.182-03:00";"2024-08-09T13:58:46.496-03:00";"2024-08-09";"ebiondi";"collect:Kq8RDKFnBtyQG7Nd";"8e374f89";"1";"138";"1106700";"1";"-34.5703483 -58.4758233 44.7 2.305";"-34.5703483";"-58.4758233";"44.7";"2.305";"";"";"";"";"";"";"holmberg";"2299";"coghlan";"12";"3";"2";"2";"";"";"";"";"";"196"
"2024-08-09T14:10:23.693-03:00";"2024-08-09T14:13:29.696-03:00";"2024-08-09";"ebiondi";"collect:Kq8RDKFnBtyQG7Nd";"ce9f40a5";"1";"138";"1106737";"1";"";"";"";"";"";"";"";"";"";"";"";"olazabal_av";"4038";"coghlan";"12";"3";"2";"2";"";"";"";"";"";"197"
"2024-08-09T14:13:58.827-03:00";"2024-08-09T14:17:05.626-03:00";"2024-08-09";"ebiondi";"collect:Kq8RDKFnBtyQG7Nd";"c470860b";"1";"138";"1106701";"1";"";"";"";"";"";"";"";"";"";"";"";"holmberg";"2299";"coghlan";"12";"3";"2";"2";"";"";"";"";"";"198"
"2024-08-09T14:35:09.499-03:00";"2024-08-09T14:42:23.735-03:00";"2024-08-09";"dpaz";"collect:LIrbEA8kk24qA8f2";"51bbf378";"1";"173";"1106739";"1";"";"";"";"";"";"12";"2";"2";"";"";"";"chiclana_av";"3841";"boedo";"5";"1";"";"";"2";"1";"1";"2";"2";"199"
"2024-08-09T13:31:44.794-03:00";"2024-08-09T13:37:46.774-03:00";"2024-08-08";"username not found";"ee.kobo.mdhyh.buenosaires.gob.ar:uxiexfEE8aK8T7Tb";"c4c4eff1";"4";"269";"0";"";"";"";"";"";"";"";"";"";"";"";"";"";"";"";"";"";"";"";"";"";"";"";"";"200"
"2024-08-09T14:35:22.376-03:00";"2024-08-09T14:42:07.683-03:00";"2024-08-08";"jnaumow";"ee.kobo.mdhyh.buenosaires.gob.ar:uxiexfEE8aK8T7Tb";"656650a6";"4";"269";"1106852";"";"";"";"";"";"";"";"";"";"";"";"";"";"";"";"";"";"";"";"";"";"";"";"";"201"
"2024-08-09T14:41:58.054-03:00";"2024-08-09T14:42:57.686-03:00";"2024-08-09";"bjordan";"collect:bktGGHzHDRHhQLUD";"e8ae174c";"1";"194";"1106767";"1";"";"";"";"";"";"";"";"";"";"";"";"cabildo_av";"4997";"";"99";"3";"2";"2";"";"";"";"";"";"202"
"2024-08-09T14:41:29.141-03:00";"2024-08-09T14:45:49.625-03:00";"2024-08-09";"csalvador";"collect:xYfZLEUg9mW2JjM4";"3830318f";"1";"257";"1106717";"1";"";"";"";"";"";"1";"2";"1";"";"";"";"Congreso y Lavoisier siendo las 14: 35 el equipo arriba al punto indicado en dónde se contacta al Sr Diego Natale de 51 años FN
09/05/1973
refiere que se encuentra en calle hace más de 6 años, relata que tiene problemas de consumo de alcohol por lo que se separo de su pareja y sus hijos no quieren saber de el, trabaja haciendo changuita por la zona para poder cubrir sus gastos, rechaza la posibilidad de ingresar a CIS se muestra interesado en ingresar al programa ciudadanía porteña por lo que se verifican los requisitos, se realiza derivación e informe.";"congreso";"0";"lavoisier";"villa_ortuzar";"12";"";"1";"";"1";"";"";"";"";"";"";"";"";"203"
"2024-08-09T14:40:04.281-03:00";"2024-08-09T14:45:56.950-03:00";"2024-08-09";"dsalazar";"collect:WXGrpocOojXhiCAS";"d33db69a";"1";"256";"1106804";"1";"";"";"";"";"";"2";"2";"2";"";"";"";"caseros_av";"0";"parque_patricios";"4";"2";"";"";"2";"1";"2";"2";"2";"204"
"2024-08-09T14:42:28.368-03:00";"2024-08-09T14:46:06.227-03:00";"2024-08-08";"jventurelli";"ee.kobo.mdhyh.buenosaires.gob.ar:uxiexfEE8aK8T7Tb";"572d03d1";"4";"269";"1106861";"";"";"";"";"";"";"";"";"";"";"";"";"";"";"";"";"";"";"";"";"";"";"";"";"205"
"2024-08-09T14:46:06.448-03:00";"2024-08-09T14:48:22.999-03:00";"2024-08-08";"jventurelli";"ee.kobo.mdhyh.buenosaires.gob.ar:uxiexfEE8aK8T7Tb";"4ca5731f";"4";"269";"1106863";"";"";"";"";"";"";"";"";"";"";"";"";"";"";"";"";"";"";"";"";"";"";"";"";"206"
"2024-08-09T14:48:23.204-03:00";"2024-08-09T14:51:48.581-03:00";"2024-08-08";"jventurelli";"ee.kobo.mdhyh.buenosaires.gob.ar:uxiexfEE8aK8T7Tb";"bb9a178d";"4";"269";"1106864";"";"";"";"";"";"";"";"";"";"";"";"";"";"";"";"";"";"";"";"";"";"";"";"";"207"
"2024-08-09T14:51:48.937-03:00";"2024-08-09T14:54:50.129-03:00";"2024-08-08";"jventurelli";"ee.kobo.mdhyh.buenosaires.gob.ar:uxiexfEE8aK8T7Tb";"7858ac48";"4";"269";"1106867";"";"";"";"";"";"";"";"";"";"";"";"";"";"";"";"";"";"";"";"";"";"";"";"";"208"
"2024-08-09T14:54:50.294-03:00";"2024-08-09T14:58:05.523-03:00";"2024-08-08";"jventurelli";"ee.kobo.mdhyh.buenosaires.gob.ar:uxiexfEE8aK8T7Tb";"cac96400";"4";"269";"1106869";"";"";"";"";"";"";"";"";"";"";"";"";"";"";"";"";"";"";"";"";"";"";"";"";"209"
"2024-08-09T15:02:44.589-03:00";"2024-08-09T15:03:37.439-03:00";"2024-08-09";"bjordan";"collect:bktGGHzHDRHhQLUD";"6ffb8240";"1";"194";"1106810";"1";"";"";"";"";"";"";"";"";"";"";"";"monroe";"2676";"";"99";"3";"2";"2";"";"";"";"";"";"210"
"2024-08-09T15:00:05.860-03:00";"2024-08-09T15:03:56.561-03:00";"2024-08-09";"ebiondi";"collect:Kq8RDKFnBtyQG7Nd";"1136e800";"1";"138";"1106854";"1";"";"";"";"";"";"";"";"";"";"";"";"monroe";"1826";"belgrano";"13";"3";"2";"2";"";"";"";"";"";"211"
"2024-08-09T15:00:18.552-03:00";"2024-08-09T15:06:17.748-03:00";"2024-08-09";"dpaz";"collect:LIrbEA8kk24qA8f2";"90112b4b";"1";"173";"1106607";"1";"";"";"";"";"";"";"";"";"";"";"";"barco_centenera_del";"750";"caballito";"6";"1";"";"";"";"";"";"";"";"212"
"2024-08-09T15:08:48.924-03:00";"2024-08-09T15:11:07.960-03:00";"2024-08-09";"csalvador";"collect:xYfZLEUg9mW2JjM4";"9bd68563";"1";"257";"1106857";"1";"";"";"";"";"";"1";"2";"1";"";"";"";"Roosevelt y Tronador
Siendo las 15:06 el equipo arriba al punto indicado en dónde se observa un hombre durmiendo, no responde a los llamados del equipo, edad estimada 40/45 años.
Se observan colchónes y manta";"roosevelt_franklin_d";"0";"tronador";"saavedra";"12";"";"1";"";"1";"";"";"";"";"";"";"";"";"213"
"2024-08-09T15:09:29.438-03:00";"2024-08-09T15:13:00.261-03:00";"2024-08-09";"dsalazar";"collect:WXGrpocOojXhiCAS";"e4883902";"1";"256";"1106823";"1";"";"";"";"";"";"";"";"";"";"";"";"finochietto_enrique_dr";"0";"parque_patricios";"4";"3";"1";"1";"";"";"";"";"";"214"
"2024-08-09T14:26:26.827-03:00";"2024-08-09T14:28:11.439-03:00";"2024-08-09";"aanquieri";"collect:L7GkFdUtLdzh6q3Y";"aadf1e96";"1";"109";"1106784";"3";"";"";"";"";"";"";"";"";"";"";"";"alem_leandro_n_av";"0";"";"1";"1";"";"";"";"";"";"";"";"215"
"2024-08-09T13:58:51.259-03:00";"2024-08-09T14:00:06.939-03:00";"2024-08-09";"aanquieri";"collect:L7GkFdUtLdzh6q3Y";"c6d18b93";"1";"109";"1089124";"3";"";"";"";"";"";"";"";"";"";"";"";"callao_av";"264";"";"3";"3";"2";"1";"";"";"";"";"";"216"
"2024-08-09T14:26:17.032-03:00";"2024-08-09T14:28:41.802-03:00";"2024-08-09";"rmeoniz";"collect:As46bOaSjhgq0UrC";"f72bc596";"1";"215";"1106293";"3";"";"";"";"";"";"";"";"";"";"";"";"san_nicolas";"0";"villa_devoto";"11";"3";"2";"1";"";"";"";"";"";"217"
"2024-08-09T15:10:22.619-03:00";"2024-08-09T15:18:06.681-03:00";"2024-08-09";"rmeoniz";"collect:As46bOaSjhgq0UrC";"631b6732";"1";"215";"748026";"3";"";"";"";"";"";"";"";"";"";"";"";"cordoba";"6153";"colegiales";"13";"3";"2";"1";"";"";"";"";"";"218"
"2024-08-09T15:25:25.493-03:00";"2024-08-09T15:27:02.375-03:00";"2024-08-09";"dpaz";"collect:LIrbEA8kk24qA8f2";"5158b3b2";"1";"173";"1106766";"1";"";"";"";"";"";"";"";"";"";"";"";"espinosa";"1600";"caballito";"6";"3";"2";"2";"";"";"";"";"";"219"
"2024-08-09T15:20:25.857-03:00";"2024-08-09T15:29:42.648-03:00";"2024-08-09";"bjordan";"collect:bktGGHzHDRHhQLUD";"fc1fa932";"1";"194";"1106842";"1";"";"";"";"";"";"1";"2";"1";"";"";"";"cramer";"0";"";"99";"1";"";"";"2";"1";"1";"2";"1";"220"
"2024-08-09T15:28:42.042-03:00";"2024-08-09T15:30:35.184-03:00";"2024-08-09";"mbenitez";"collect:j12UvRTHA7s2D74i";"3322dab8";"1";"133";"1106789";"1";"";"";"";"";"";"1";"2";"3";"";"";"";"chile_av";"1764";"";"2";"1";"";"";"2";"1";"2";"2";"1";"221"
"2024-08-09T15:30:42.588-03:00";"2024-08-09T15:31:40.228-03:00";"2024-08-09";"mbenitez";"collect:j12UvRTHA7s2D74i";"ea143b90";"1";"133";"1106792";"1";"";"";"";"";"";"";"";"";"";"";"";"brasil";"996";"";"2";"3";"2";"1";"";"";"";"";"";"222"
"2024-08-09T15:30:46.034-03:00";"2024-08-09T15:32:36.078-03:00";"2024-08-09";"labalo";"collect:zlst1IxMGpUv8iis";"a6e505e1";"1";"101";"1106853";"1";"-34.5980528 -58.4055347 31.5 4.9";"-34.5980528";"-58.4055347";"31.5";"4.9";"1";"2";"1";"";"";"";"cordoba_av";"0";"almagro";"3";"1";"";"";"2";"2";"2";"2";"2";"223"
"2024-08-09T15:34:24.208-03:00";"2024-08-09T15:35:25.072-03:00";"2024-08-09";"labalo";"collect:zlst1IxMGpUv8iis";"58ecd091";"1";"101";"1106844";"1";"";"";"";"";"";"1";"2";"1";"";"";"";"san_luis";"2743";"almagro";"3";"1";"";"";"2";"1";"2";"2";"2";"224"
"2024-08-09T15:50:56.790-03:00";"2024-08-09T15:54:33.322-03:00";"2024-08-09";"dsalazar";"collect:WXGrpocOojXhiCAS";"c3eb7165";"1";"256";"1106836";"1";"";"";"";"";"";"1";"2";"1";"";"";"";"cordoba_av";"0";"san_nicolas";"1";"1";"";"";"2";"1";"1";"2";"2";"225"
"2024-08-09T15:53:46.612-03:00";"2024-08-09T15:56:40.045-03:00";"2024-08-09";"dpaz";"collect:LIrbEA8kk24qA8f2";"f9b4b98c";"1";"173";"1106855";"1";"";"";"";"";"";"";"";"";"";"";"";"neuquen";"0";"caballito";"6";"3";"1";"2";"";"";"";"";"";"226"
"2024-08-09T15:57:04.956-03:00";"2024-08-09T15:58:37.016-03:00";"2024-08-09";"mbenitez";"collect:j12UvRTHA7s2D74i";"e335cb08";"1";"133";"1106796";"1";"";"";"";"";"";"";"";"";"";"";"";"matheu";"0";"";"3";"3";"2";"1";"";"";"";"";"";"227"
"2024-08-09T16:02:53.054-03:00";"2024-08-09T16:06:19.558-03:00";"2024-08-09";"bjordan";"collect:bktGGHzHDRHhQLUD";"c4ba1a9c";"1";"194";"1106902";"1";"";"";"";"";"";"1";"2";"1";"";"";"";"hernandez_jose";"0";"";"99";"1";"";"";"2";"1";"1";"2";"2";"228"
"2024-08-09T16:08:45.434-03:00";"2024-08-09T16:10:52.125-03:00";"2024-08-09";"dsalazar";"collect:WXGrpocOojXhiCAS";"72b4f403";"1";"256";"1106156";"1";"";"";"";"";"";"";"";"";"";"";"";"quintana_manuel_pres_av";"0";"retiro";"1";"3";"2";"2";"";"";"";"";"";"229"
"2024-08-09T16:17:42.875-03:00";"2024-08-09T16:21:27.379-03:00";"2024-08-09";"csalvador";"collect:xYfZLEUg9mW2JjM4";"be328b49";"1";"257";"1106906";"1";"";"";"";"";"";"1";"2";"1";"";"";"";"Zado 3232 siendo las 16:00hs el equipo se presenta en el punto a pedido de gerencia.
Contactando a un hombre de unos 60/65 años aprox, el sr es de nacionalidad Paraguaya no brinda datos y tiene una actitud reticente frente al equipo refiere que hace 1 año se encuentra en el lugar y solo una vez le trajeron comida rechaza toda clase de asistencia.
El sr Posse varias pertenencias , refiere que no cree en el programa y que no acepta nada de nosotros, nos pide que nos retiremos y lo dejemos tranquilo.
Por momentos su dialogo es confuso y desorganizado sería conveniente una evaluación u intervención en conjunto con el equipo de Asíc.";"zado";"3232";"";"villa_urquiza";"15";"";"1";"";"1";"";"";"";"";"";"";"";"";"230"
"2024-08-09T16:27:37.188-03:00";"2024-08-09T16:29:46.180-03:00";"2024-08-09";"dpaz";"collect:LIrbEA8kk24qA8f2";"31c55743";"1";"173";"1106901";"1";"";"";"";"";"";"";"";"";"";"";"";"davila";"0";"flores";"7";"3";"2";"2";"";"";"";"";"";"231"
"2024-08-09T16:37:16.563-03:00";"2024-08-09T16:49:23.482-03:00";"2024-08-09";"aanquieri";"collect:L7GkFdUtLdzh6q3Y";"f1e07554";"3";"109";"0";"3";"";"";"";"";"";"1";"2";"5";"";"";"";"";"";"";"";"";"";"";"2";"1";"1";"2";"2";"232"
"2024-08-09T16:52:59.917-03:00";"2024-08-09T16:54:12.864-03:00";"2024-08-09";"labalo";"collect:zlst1IxMGpUv8iis";"57db445a";"1";"101";"1106824";"1";"-34.6229449 -58.3957673 43.599998474121094 3.483";"-34.6229449";"-58.3957673";"43.599998474121094";"3.483";"";"";"";"";"";"";"san_juan_av";"2100";"san_cristobal";"3";"3";"2";"2";"";"";"";"";"";"233"
"2024-08-09T16:05:44.607-03:00";"2024-08-09T16:07:23.869-03:00";"2024-08-09";"labalo";"collect:zlst1IxMGpUv8iis";"f71e86d7";"1";"101";"1106858";"1";"-34.5895948 -58.3906834 38.5 5.0";"-34.5895948";"-58.3906834";"38.5";"5.0";"";"";"";"";"";"";"ayacucho";"0";"recoleta";"2";"3";"2";"2";"";"";"";"";"";"234"
"2024-08-09T16:56:14.753-03:00";"2024-08-09T17:00:52.475-03:00";"2024-08-09";"dpaz";"collect:LIrbEA8kk24qA8f2";"023db94b";"1";"173";"1106798";"1";"";"";"";"";"";"";"";"";"";"";"";"riestra_av";"0";"villa_lugano";"8";"3";"1";"2";"";"";"";"";"";"235"
"2024-08-09T16:57:56.100-03:00";"2024-08-09T17:02:53.794-03:00";"2024-08-09";"mbenitez";"collect:j12UvRTHA7s2D74i";"08276763";"1";"133";"1106839";"1";"";"";"";"";"";"2";"2";"1";"";"";"";"irigoyen_bernardo_de";"816";"";"1";"1";"";"";"2";"1";"2";"2";"2";"236"
"2024-08-09T17:07:49.676-03:00";"2024-08-09T17:13:42.514-03:00";"2024-08-09";"getchebehere";"collect:LIrbEA8kk24qA8f2";"1a9634a8";"1";"173";"1106694";"1";"";"";"";"";"";"";"";"";"";"";"";"rivadavia_av";"0";"almagro";"5";"3";"2";"2";"";"";"";"";"";"237"
"2024-08-09T17:13:52.335-03:00";"2024-08-09T17:15:36.239-03:00";"2024-08-09";"getchebehere";"collect:LIrbEA8kk24qA8f2";"4538d64b";"1";"173";"1106770";"1";"";"";"";"";"";"";"";"";"";"";"";"medrano";"495";"almagro";"5";"3";"2";"1";"";"";"";"";"";"238"
"2024-08-09T17:15:44.903-03:00";"2024-08-09T17:20:32.334-03:00";"2024-08-09";"getchebehere";"collect:LIrbEA8kk24qA8f2";"090b18c7";"1";"173";"1106739";"1";"";"";"";"";"";"12";"2";"2";"";"";"";"chiclana_av";"3841";"boedo";"5";"1";"";"";"2";"1";"1";"2";"2";"239"
"2024-08-09T17:17:05.101-03:00";"2024-08-09T17:21:34.592-03:00";"2024-08-09";"dsalazar";"collect:WXGrpocOojXhiCAS";"ba96d490";"1";"256";"1106895";"1";"";"";"";"";"";"7";"2";"1";"";"";"";"ramos_mejia_jose_maria_dr_av";"0";"retiro";"1";"1";"";"";"2";"1";"2";"2";"2";"240"
"2024-08-09T17:14:25.184-03:00";"2024-08-09T17:24:57.694-03:00";"2024-08-09";"mbenitez";"collect:j12UvRTHA7s2D74i";"de1ddf45";"1";"133";"1106768";"1";"";"";"";"";"";"1";"2";"2";"";"";"";"rivadavia_av";"2564";"";"3";"1";"";"";"2";"1";"1";"1";"2";"241"
"2024-08-09T17:20:55.021-03:00";"2024-08-09T17:25:23.201-03:00";"2024-08-09";"getchebehere";"collect:LIrbEA8kk24qA8f2";"7efd1c56";"1";"173";"1106607";"1";"";"";"";"";"";"";"";"";"";"";"";"barco_centenera_del_av";"750";"parque_chacabuco";"7";"1";"";"";"";"";"";"";"";"242"
"2024-08-09T17:25:22.994-03:00";"2024-08-09T17:26:28.123-03:00";"2024-08-09";"mbenitez";"collect:j12UvRTHA7s2D74i";"dff33bb1";"1";"133";"1106935";"1";"";"";"";"";"";"";"";"";"";"";"";"brasil_av";"0";"";"1";"3";"2";"2";"";"";"";"";"";"243"
"2024-08-09T17:25:30.677-03:00";"2024-08-09T17:26:38.861-03:00";"2024-08-09";"getchebehere";"collect:LIrbEA8kk24qA8f2";"f364bd96";"1";"173";"1106766";"1";"";"";"";"";"";"";"";"";"";"";"";"espinosa";"1600";"caballito";"6";"3";"2";"2";"";"";"";"";"";"244"
"2024-08-09T17:29:10.117-03:00";"2024-08-09T17:32:04.507-03:00";"2024-08-09";"getchebehere";"collect:LIrbEA8kk24qA8f2";"27a5a2f5";"1";"173";"1406901";"1";"";"";"";"";"";"";"";"";"";"";"";"peron_eva_av";"0";"parque_chacabuco";"7";"3";"2";"2";"";"";"";"";"";"245"
"2024-08-09T17:30:21.642-03:00";"2024-08-09T17:33:40.268-03:00";"2024-08-09";"labalo";"collect:zlst1IxMGpUv8iis";"0bf36098";"1";"101";"1106924";"1";"";"";"";"";"";"8";"2";"1";"";"";"";"brandsen";"2570";"barracas";"4";"1";"";"";"2";"1";"2";"2";"2";"246"
"2024-08-09T17:32:15.766-03:00";"2024-08-09T17:34:46.030-03:00";"2024-08-09";"getchebehere";"collect:LIrbEA8kk24qA8f2";"e8d02a75";"1";"173";"1106855";"1";"";"";"";"";"";"";"";"";"";"";"";"neuquen";"0";"caballito";"6";"3";"1";"2";"";"";"";"";"";"247"
"2024-08-09T17:34:53.925-03:00";"2024-08-09T17:36:29.935-03:00";"2024-08-09";"getchebehere";"collect:LIrbEA8kk24qA8f2";"5c0b9646";"1";"173";"1106798";"1";"";"";"";"";"";"";"";"";"";"";"";"leguizamon_martiniano";"0";"villa_lugano";"8";"3";"1";"2";"";"";"";"";"";"248"
"2024-08-09T17:40:22.536-03:00";"2024-08-09T17:41:30.596-03:00";"2024-08-09";"getchebehere";"collect:LIrbEA8kk24qA8f2";"36ed7e40";"1";"173";"1106901";"1";"";"";"";"";"";"";"";"";"";"";"";"peron_eva_av";"0";"parque_chacabuco";"7";"3";"2";"2";"";"";"";"";"";"249"
"2024-08-09T17:47:41.427-03:00";"2024-08-09T17:52:24.400-03:00";"2024-08-09";"laparicio";"collect:iUpiKxTXmsRWkN3u";"2eb043e0";"1";"113";"1106442";"1";"";"";"";"";"";"1";"2";"1";"";"";"";"saenz_pena_luis_pres";"700";"constitucion";"1";"1";"";"";"2";"1";"2";"2";"2";"250"
"2024-08-09T17:52:30.962-03:00";"2024-08-09T17:54:42.290-03:00";"2024-08-09";"laparicio";"collect:iUpiKxTXmsRWkN3u";"29467fd9";"1";"113";"1106922";"1";"";"";"";"";"";"1";"2";"1";"";"";"";"chile";"1766";"constitucion";"1";"1";"";"";"2";"1";"2";"2";"2";"251"
"2024-08-09T15:08:20.989-03:00";"2024-08-09T15:18:26.931-03:00";"2024-08-09";"csilva";"collect:K4YxIgK7Cs38JRwJ";"2bb1829a";"2";"777";"0";"2";"";"";"";"";"";"";"";"";"";"";"";"moreno_perito_av";"2100";"";"7";"3";"1";"2";"";"";"";"";"";"252"
"2024-08-09T15:34:18.991-03:00";"2024-08-09T15:38:18.703-03:00";"2024-08-09";"csilva";"collect:K4YxIgK7Cs38JRwJ";"723665e3";"2";"777";"0";"2";"";"";"";"";"";"";"";"";"";"";"";"moreno_perito_av";"1";"";"7";"3";"1";"2";"";"";"";"";"";"253"
"2024-08-09T17:22:32.848-03:00";"2024-08-09T17:25:32.352-03:00";"2024-08-09";"csilva";"collect:K4YxIgK7Cs38JRwJ";"e1c5ac7f";"2";"777";"0";"2";"";"";"";"";"";"";"";"";"";"";"";"moreno_perito_av";"2140";"";"7";"3";"1";"1";"";"";"";"";"";"254"
"2024-08-09T17:25:43.824-03:00";"2024-08-09T17:30:18.437-03:00";"2024-08-09";"csilva";"collect:K4YxIgK7Cs38JRwJ";"49a1b94e";"2";"777";"0";"2";"";"";"";"";"";"";"";"";"";"";"";"moreno_perito_av";"2350";"";"7";"3";"1";"1";"";"";"";"";"";"255"
"2024-08-09T17:30:50.522-03:00";"2024-08-09T17:36:08.781-03:00";"2024-08-09";"csilva";"collect:K4YxIgK7Cs38JRwJ";"36217a79";"2";"777";"0";"2";"";"";"";"";"";"1";"2";"1";"";"";"";"moreno_perito_av";"2100";"";"7";"1";"";"";"2";"2";"1";"2";"1";"256"
"2024-08-09T17:36:21.856-03:00";"2024-08-09T17:42:31.676-03:00";"2024-08-09";"csilva";"collect:K4YxIgK7Cs38JRwJ";"4adf0d53";"2";"777";"0";"2";"";"";"";"";"";"1";"2";"3";"";"";"";"moreno_perito_av";"1942";"";"7";"1";"";"";"2";"2";"1";"2";"1";"257"
"2024-08-09T17:42:57.967-03:00";"2024-08-09T17:47:19.132-03:00";"2024-08-09";"csilva";"collect:K4YxIgK7Cs38JRwJ";"ecd15167";"2";"777";"0";"2";"";"";"";"";"";"1";"2";"7";"";"";"";"fernandez_de_la_cruz_f_gral_av";"0";"";"7";"1";"";"";"2";"2";"1";"2";"1";"258"
"2024-08-09T17:48:15.759-03:00";"2024-08-09T17:52:52.214-03:00";"2024-08-09";"csilva";"collect:K4YxIgK7Cs38JRwJ";"7c55b9f0";"2";"777";"0";"2";"";"";"";"";"";"";"";"";"";"";"";"varela_av";"0";"";"7";"3";"1";"1";"";"";"";"";"";"259"
"2024-08-09T17:53:00.557-03:00";"2024-08-09T17:54:31.644-03:00";"2024-08-09";"csilva";"collect:K4YxIgK7Cs38JRwJ";"aee21198";"2";"777";"0";"2";"";"";"";"";"";"";"";"";"";"";"";"varela_av";"0";"";"7";"3";"2";"2";"";"";"";"";"";"260"
"2024-08-09T17:54:48.438-03:00";"2024-08-09T17:57:36.781-03:00";"2024-08-09";"laparicio";"collect:iUpiKxTXmsRWkN3u";"c08a2920";"1";"113";"1106907";"1";"";"";"";"";"";"1";"2";"1";"";"";"";"saenz_pena_luis_pres";"0";"constitucion";"1";"1";"";"";"2";"1";"1";"2";"2";"261"
"2024-08-09T18:29:18.396-03:00";"2024-08-09T18:43:38.086-03:00";"2024-08-09";"rmeoniz";"collect:As46bOaSjhgq0UrC";"1ac76348";"1";"215";"1106941";"3";"";"";"";"";"";"1";"2";"2";"";"";"";"don_pedro_de_mendoza_av";"0";"boca";"4";"1";"";"";"2";"1";"2";"2";"2";"262"
"2024-08-09T18:53:35.737-03:00";"2024-08-09T18:55:02.907-03:00";"2024-08-09";"sbasile";"collect:K4YxIgK7Cs38JRwJ";"0a801239";"2";"777";"0";"2";"";"";"";"";"";"";"";"";"";"";"";"traful";"0";"pompeya";"4";"3";"2";"2";"";"";"";"";"";"263"
"2024-08-09T19:25:58.797-03:00";"2024-08-09T19:29:39.259-03:00";"2024-08-09";"nroman";"collect:tdRoY3cFiqR6AWAG";"a9c7505f";"1";"252";"1106917";"1";"-34.627067 -58.4452959 41.19999694824219 4.933";"-34.627067";"-58.4452959";"41.19999694824219";"4.933";"";"";"";"";"";"";"rivadavia_av";"0";"caballito";"5";"3";"2";"1";"";"";"";"";"";"264"
"2024-08-09T19:29:14.052-03:00";"2024-08-09T19:32:18.923-03:00";"2024-08-09";"sbasile";"collect:K4YxIgK7Cs38JRwJ";"0c7e53f2";"2";"777";"0";"2";"";"";"";"";"";"3";"2";"4";"";"";"";"mitre_bartolome";"3050";"";"3";"1";"";"";"2";"1";"1";"2";"2";"265"
"2024-08-09T19:29:46.784-03:00";"2024-08-09T19:35:02.024-03:00";"2024-08-09";"nroman";"collect:tdRoY3cFiqR6AWAG";"7a4bf85d";"3";"252";"1106917";"1";"-34.6267951 -58.4410696 33.39999771118164 5.2";"-34.6267951";"-58.4410696";"33.39999771118164";"5.2";"1";"2";"1";"";"";"";"";"";"";"";"";"";"";"1";"1";"2";"2";"2";"266"
"2024-08-09T19:35:07.457-03:00";"2024-08-09T19:39:21.044-03:00";"2024-08-09";"nroman";"collect:tdRoY3cFiqR6AWAG";"1de2810a";"3";"252";"1107050";"1";"-34.6265751 -58.4408136 33.39999771118164 7.56";"-34.6265751";"-58.4408136";"33.39999771118164";"7.56";"1";"2";"1";"";"";"";"";"";"";"";"";"";"";"1";"1";"2";"2";"2";"267"
"2024-08-09T18:51:38.792-03:00";"2024-08-09T19:54:34.318-03:00";"2024-08-09";"lcaliva";"collect:As46bOaSjhgq0UrC";"36e82609";"1";"147";"1106981";"3";"-34.6271919 -58.461693 42.599998474121094 4.7";"-34.6271919";"-58.461693";"42.599998474121094";"4.7";"";"";"";"";"";"";"caracas";"200";"flores";"7";"1";"";"";"Siendo las 07:55 el OP. Social Caliva Ezequiel realiza la entrevista a La señora Johana Arrieta DNI 38.946.752 se la contacto en las cercanías al paso a nivel. En Caracas 200. Acompañada de 5 menores de entre 7 y 13 años de edad aproximadamente. Dice que 4 de ellos serían sus hijos.
Leonardo Santillan
Héctor Santillan
Isaías Arrieta
Tahiel Santillan. 
También están su hermana y su hermano con ella. No aporta datos.
Una de las menores es su sobrina. 
Oriana Delme. 
Comenta que están en el lugar temporalmente, realizando tareas de mendicidad. No aceptan ser ingresados a cis, refieren que mañana por la mañana se retiran a su domicilio. Un alquiler está en la localidad de Merlo.
Se le informa a la responsable que volveremos al lugar para saber cómo sigue su situación.
Sin más que informar nos retiramos del punto ";"";"";"";"";"";"";"";"";"";"";"";"";"";"";"";"2024-08-09T22:56:13";"";"268"
"2024-08-09T20:01:16.020-03:00";"2024-08-09T20:03:06.638-03:00";"2024-08-09";"sbasile";"collect:K4YxIgK7Cs38JRwJ";"b6b9d8bc";"2";"777";"0";"2";"";"";"";"";"";"1";"2";"2";"";"";"";"antequera";"0";"";"1";"1";"";"";"2";"1";"1";"2";"2";"269"
"2024-08-09T20:07:13.966-03:00";"2024-08-09T20:12:31.394-03:00";"2024-08-09";"nroman";"collect:tdRoY3cFiqR6AWAG";"eb75eaf0";"1";"252";"1107018";"1";"-34.6053121 -58.4323488 34.5 6.72";"-34.6053121";"-58.4323488";"34.5";"6.72";"1";"2";"1";"";"";"";"patricias_argentinas_av";"0";"caballito";"5";"1";"";"";"1";"1";"1";"2";"2";"270"
"2024-08-09T20:20:37.795-03:00";"2024-08-09T20:21:44.591-03:00";"2024-08-09";"sbasile";"collect:K4YxIgK7Cs38JRwJ";"96d42486";"2";"777";"0";"2";"";"";"";"";"";"";"";"";"";"";"";"constitucion";"235";"san_telmo";"1";"3";"1";"2";"";"";"";"";"";"271"
"2024-08-09T19:18:14.672-03:00";"2024-08-09T20:22:40.798-03:00";"2024-08-09";"labalo";"collect:zlst1IxMGpUv8iis";"66531ac9";"1";"131";"1106977";"1";"";"";"";"";"";"6";"2";"1";"";"";"";"piedras";"1260";"";"1";"1";"";"";"1";"1";"2";"2";"2";"272"
"2024-08-09T20:16:13.549-03:00";"2024-08-09T20:46:00.468-03:00";"2024-08-09";"lcaliva";"collect:As46bOaSjhgq0UrC";"71b4fed3";"1";"147";"1106293";"3";"";"";"";"";"";"1";"2";"3";"";"";"";"san_nicolas";"3369";"villa_devoto";"11";"1";"";"";"1";"Siendo las 20:30 hs el OP social Caliva, Ezequiel. Perteneciente a la División Mapa de Familias en Riesgo. Se hace presente en la calle. San Nicolás 3369. Entre Beiro.
En el lugar nos ponemos en contacto con la familia del joven
Martinez Mauricio Óscar
DNI 40.567.352.  de 29 años
Galarza Karen
DNI 42.886.023 de 24 años y su Hija 
Juana Martinez 2 años.
Se observa a la menor en buenas condiciones de salud. Los padres facilitan imágenes de la libreta sanitaria de la niña. Y sus controles médicos realizados en el htal Zubizarreta.
No recuerda DNI.
Comentan que el fin de semana ellos trabajan en la feria de ""sol y verde"" en la localidad de Derqui. Y es por eso que no desean moverse de la zona  ni ser ingresados a CIS. 
Según sus comentarios sus mayores ingresos provienen de la venta en esa feria y están juntando el dinero necesario para el lunes poder ingresar a un nuevo alquiler.
Además agrega. Que están siendo acompañados por las señoras.
Silvia y Valeria de red Copello.
Tel. Referencia 1154640004
1140465204. Red Copello New York 3571. Y que ellas también estan acompañado su situación.
Se le comunica a la familia que volveremos a pasar por el lugar para seguir acompañando su situación.
Sin más que informar el equipo se retira del lugar.

";"1";"2";"2";"2";"";"";"";"93505";"9a9f4baa-b968-4613-9305-6972e6cb34ca";"";"";"submitted_via_web";"lcaliva";"";"273"
"2024-08-09T20:51:35.472-03:00";"2024-08-09T20:54:46.163-03:00";"2024-08-09";"lcaliva";"collect:As46bOaSjhgq0UrC";"9b03b8b8";"1";"147";"748026";"3";"";"";"";"";"";"";"";"";"";"";"";"cordoba_av";"6100";"palermo";"15";"3";"2";"2";"";"";"";"";"";"274"
"2024-08-09T20:54:18.826-03:00";"2024-08-09T20:55:20.702-03:00";"2024-08-09";"sbasile";"collect:K4YxIgK7Cs38JRwJ";"f2facb7a";"2";"777";"0";"2";"";"";"";"";"";"";"";"";"";"";"";"humberto_1°";"1171";"";"3";"3";"2";"2";"";"";"";"";"";"275"
"2024-08-09T20:58:47.789-03:00";"2024-08-09T20:59:39.745-03:00";"2024-08-09";"sbasile";"collect:K4YxIgK7Cs38JRwJ";"e85e24d1";"2";"777";"0";"2";"";"";"";"";"";"";"";"";"";"";"";"mexico";"1170";"";"3";"3";"2";"2";"";"";"";"";"";"276"
"2024-08-09T21:07:00.500-03:00";"2024-08-09T21:08:18.589-03:00";"2024-08-09";"sbasile";"collect:K4YxIgK7Cs38JRwJ";"a8d6aeed";"2";"777";"0";"2";"";"";"";"";"";"";"";"";"";"";"";"saenz_pena_luis_pres";"427";"";"3";"3";"2";"2";"";"";"";"";"";"277"
"2024-08-09T21:07:53.075-03:00";"2024-08-09T21:09:59.842-03:00";"2024-08-09";"lcaliva";"collect:As46bOaSjhgq0UrC";"23bed814";"1";"147";"1106946";"3";"";"";"";"";"";"";"";"";"";"";"";"cabildo_av";"2300";"belgrano";"3";"3";"2";"2";"";"";"";"";"";"278"
"2024-08-09T21:14:41.433-03:00";"2024-08-09T21:16:15.113-03:00";"2024-08-09";"sbasile";"collect:K4YxIgK7Cs38JRwJ";"ceea4bdd";"2";"777";"0";"2";"";"";"";"";"";"";"";"";"";"";"";"moreno";"1200";"";"3";"3";"2";"2";"";"";"";"";"";"279"
"2024-08-09T21:17:58.224-03:00";"2024-08-09T21:21:16.170-03:00";"2024-08-09";"lcaliva";"collect:As46bOaSjhgq0UrC";"6f001f01";"1";"147";"1107031";"3";"";"";"";"";"";"";"";"";"";"";"";"cabildo_av";"0";"belgrano";"14";"3";"2";"2";"";"";"";"";"";"280"
"2024-08-09T21:25:44.792-03:00";"2024-08-09T21:29:28.113-03:00";"2024-08-09";"fmartinez";"collect:tdRoY3cFiqR6AWAG";"0e47bdee";"1";"210";"1106904";"1";"";"";"";"";"";"9";"2";"1";"";"";"";"rivadavia_av";"0";"boedo";"3";"1";"";"";"2";"1";"2";"2";"2";"281"
"2024-08-09T21:29:34.644-03:00";"2024-08-09T21:32:27.181-03:00";"2024-08-09";"fmartinez";"collect:tdRoY3cFiqR6AWAG";"89641443";"1";"210";"1106904";"1";"";"";"";"";"";"1";"2";"1";"";"";"";"rivadavia_av";"0";"boedo";"3";"2";"";"";"1";"1";"2";"2";"2";"282"
"2024-08-09T20:25:52.783-03:00";"2024-08-09T20:31:23.785-03:00";"2024-08-09";"";"collect:9x5iTmOcNr3jBYfz";"6c5b2349";"3";"109";"0";"4";"";"";"";"";"";"1";"2";"4";"";"";"";"";"";"";"";"";"";"";"1";"1";"2";"2";"2";"283"
"2024-08-09T20:31:30.117-03:00";"2024-08-09T20:35:55.853-03:00";"2024-08-09";"";"collect:9x5iTmOcNr3jBYfz";"b4b1393f";"2";"109";"0";"4";"";"";"";"";"";"9";"2";"3";"";"";"";"belgrano_av";"1715";"";"3";"1";"";"";"1";"1";"1";"2";"2";"284"
"2024-08-09T20:37:11.190-03:00";"2024-08-09T20:38:56.812-03:00";"2024-08-09";"aanquieri";"collect:9x5iTmOcNr3jBYfz";"3e6a3f7c";"2";"109";"0";"4";"";"";"";"";"";"";"";"";"";"";"";"callao_av";"81";"";"3";"3";"2";"2";"";"";"";"";"";"285"
"2024-08-09T20:39:02.523-03:00";"2024-08-09T20:39:33.269-03:00";"2024-08-09";"aanquieri";"collect:9x5iTmOcNr3jBYfz";"44b35e23";"2";"109";"0";"4";"";"";"";"";"";"";"";"";"";"";"";"azcuenaga";"111";"";"3";"3";"2";"2";"";"";"";"";"";"286"
"2024-08-09T21:07:52.635-03:00";"2024-08-09T21:15:12.122-03:00";"2024-08-09";"aanquieri";"collect:9x5iTmOcNr3jBYfz";"c8211bbd";"2";"109";"0";"4";"";"";"";"";"";"1";"2";"6";"";"";"";"lavalle";"0";"";"1";"1";"";"";"1";"1";"2";"1";"2";"287"
"2024-08-09T21:35:42.333-03:00";"2024-08-09T21:40:53.465-03:00";"2024-08-09";"aanquieri";"collect:9x5iTmOcNr3jBYfz";"5dd05d16";"3";"109";"0";"4";"";"";"";"";"";"1";"2";"3";"";"";"";"";"";"";"";"";"";"";"1";"2";"1";"2";"2";"288"
"2024-08-09T21:42:04.133-03:00";"2024-08-09T21:42:33.802-03:00";"2024-08-09";"aanquieri";"collect:9x5iTmOcNr3jBYfz";"127ff217";"2";"109";"0";"4";"";"";"";"";"";"";"";"";"";"";"";"saenz_pena_roque_pres_diagonal_norte_av";"938";"";"3";"3";"2";"2";"";"";"";"";"";"289"
"2024-08-09T21:58:01.806-03:00";"2024-08-09T21:59:54.948-03:00";"2024-08-09";"sbasile";"collect:K4YxIgK7Cs38JRwJ";"18d40064";"2";"777";"0";"2";"";"";"";"";"";"1";"2";"2";"";"";"";"maipu";"0";"";"1";"1";"";"";"2";"1";"1";"2";"2";"290"
